Entry,Protein names,Sequence
A0A097GZS8,Adenosylcobinamide kinase (EC 2.7.1.156) (EC 2.7.7.62) (Adenosylcobinamide-phosphate guanylyltransferase),MLVLGGEKSGKSAFARRVAKDYANVLCLVTMAPVNESVYFQHVCSRPIEWDVLEEPVALAICLLSNADAYDLIVLDDIGVWLSNVIALKMNVYYEIDCVLDALCRLKAKLVISKELGLGMLSNSVLALEYVNLLNCVNQLLARTLNSAYFVIAGQAVKIK
A0A097GZT0,Cytochrome c oxidase subunit 2 (EC 7.1.1.9),MFVRVRIIRKRSPRLYNHETKLNKNEYNRNICRRRREFGVLQAGGNSSGLRLHCSIGTGTVSVYIASPRNWQINLQKSASPVMAHTARLARLTNILLIPTAVIFPIIIITLCIKYNENVLTKHKRVNTSVLLEGLWATIPAAILVCICSPSLKLLKRQLIQKKAPYATIKVVAFQWYWNYEYSFKQNKFKYDSNIIRDDQRQSLRKTNLKSYPRLLTVDYELIIPATQVIRLLITSADVVHAFAVPSLGVKTDAIPGKINETWLKATRTGIYYGQCSEFCGKDHSYMPIAIRVTDEISFKNWTQKANVDLENAFNSLRNEHRDE
A0A097GZT3,Cytochrome c oxidase subunit 1 (EC 1.9.3.1),MSAFYHIEQRLLIISAKMFIAYTKTKSKIEQAAASALSYTNWDHAIIGRAYILFSVASGVIGILMSTLMRLELHKPQIQVFNKISKLIYKSGDFGDQAKHLYNVTLTAHGLIMIFYMLMPMLINGFGNLNIPEQLGVRSMAFPKMGATSLALLILSLIHTVLSLLTKGTPTEHGAATGWTLYPPLSNRTYHAGKSVNYIINAICLACVSSLLNAANFISTIISQTQPRKLTRIPLFAWSVLISSVLLVLTLPVLISAITMLYTDRILNTVFYEPKAGGDPALFQHLFWFFGHPEVYILIMPAFGIISEIVSKFTKKPVFGRTGMVFAMGAIGLIGLMVWAHHMYTVGLSYGAQKYFVTATMAVAIPTGIKVFSWLSTLWRGKVSLQPPMLWALGFIALFVTGGITGVQLANASLSNVLHDTYYVVAHFHYMLSIAAVFGVLAAWYYWFHKIFKKGFKASLCTAHLVVTFIGANATFLPQYFLGLAGMPRRCVDYPEGFAGWNKVSSCGAYLSAISVVIFFYTILDSIINNRRSPKAPWN
A0A097GZT5,Cytochrome c oxidase assembly protein CtaG,MKLKLSEIKSVLLMCLCAISVMTTASYCCAMTYKQFCSKTGYAGTTKRAAGYNSSLNDSKIKVRFVANAAEDLPWLFKPNTTEVYVYPGEVIKTSYSAKNLASRSSAGEATYNITPHNMGKHFTKVQCFCFTKISIKPLEEIMLPLVFYIDSKVNTDESANRVKAITLTYTLAPTF
A0A097GZT6,alanine--tRNA ligase (EC 6.1.1.7),MKSDKIDLLFNNSGMAPLYSMFYNGAAGVAPLCNIQKCIRLGGRHNDYLNIGLSKRHLSLFEMMGGFSFGNYDKLYAIQLVWEFLARLSLDVSKLVITVHATDLSTIALWKSVVKSECNVLVTYGEQNVWKAGSNGLCGACTEIYYVNGSDLWEVLNVVFITHSRCHNECKKLGLGCVDIGIGLERLLAVLNGSFDVYSTDGIKRISNSVWPGQRLTAVNRILIDHVRCANAIITEGVLPANVGIGYVLRKLIRRCVNELLTARQDLCVLYTLAKLFCSGHAITESGADCANVLNVFFAEIELCLKAIGVGLIKLSRRSSLTVQCYDTFGVSDKLVRVLAPNLPDANYCAAIVYYNKSFVFAKAALKRTNCLILDKTCLAGAVGAQAGDQGVVVGASFGFITNHELVNGGHFHKVLLSVGVINSICDVCVIKNIHLSELSSCYHSISRSLVGTANANFECVKTVFARVNYFNFALDLDCGDASSLKRLLACAFAKQHVLTRSEHWFVKRNNKIVKFVNVSAFGLNFVEECCGTHAGSSVNCKLCYEFKHLSGSKLRIEAHSAASQCADSVNRLTPRAGGALHGIKSVKLEIAAPKQHQYPLAPTGLWLCVLRINNGLNCESCNRTKSRFGIIVSSEQVAMCCSPLVLSSLSNVFNRLIKPPRGGLLCFPSHLNLAYGLIFVKTALFLLSSQFARENE
A0A097GZT8,Cytochrome c1,MRLSFVFCVACYCEVNASAGGDSGNVALLAKRGLGLNAASARRGFEVYWQVCSRCHSLELFKLGDLKHLGYSKAQILYLANGGHISKRLELPYSSKAQAKAFNNGIVPPDLSLVVKRKNAEHIKNVLFGYASVYANTTARNYYYNYSFDSGVTLMPPTLVDGVVKYASKARANLVQYVLDVSEFLTWVSEPWTNFRGWLMLPAISIFSLICGLIYSTLRRFDLELV
A0A097GZT9,Ferredoxin,MAYVVTDNCIMCKYTDCVEVCPVDCFYEGRNFLAINPNECIDCGVCEPECPAGAIKSGAEPNLEEWVEINSKYSRIWPNITRRRLPLPKADEFNGIQSKYKSYFDARPGEGSK
A0A097GZU0,Cytochrome b,MRRFKYGWLVRNAHVNGASLIFCALYAHMFRAMYYRSYIGKRRRVWLVGSAIYVLMMCVSFIGYVLPWGQLSYWAAVVITNFINAIPLIGRWLKLFVLGAHAVRDPLLRRFFVFHCFLPFVLFFLAVFHVALVHNSGQNDVISNRTPAIGSRVNMFPVYVLKDLVLVGLYSLILCALCLAFPNVFSNKLNYEPADFYNTPADIKPEWYFMHYYSVLRVFESKLAGVFVTSLTLLFIVVLPYTHEDLPSDALKDLYKPSVVVLFLSFALLGILGALRLNYWLAVLAKLCVCVCLSFFVWPVIARLTRVLAATLVTWRC
A0A097GZU8,alanine--tRNA ligase (EC 6.1.1.7),MTESLCWHSPWARVRFCSVYCGCKLVVGALELKRTFLEHFISWGHTPIPSFSVKSDKIDLLFNNSGMAPLYNTFYNGAAASAPLCSIQKCVRLGGKHNDYLNIGLSKRHLSLFEMMGGFSFGNYDKLYAMQLVWEFLVRLSLDVSKLVITVHATDLSTMALWKSVVKSECNVLATYGEQNVWRAGSDGLCGACTEIYYVNGLDLWEVLNVVFITHNQRCGECKKLELGCVDIGIGLERLLAVLNGSFDVYSVDGIKQISNSVWPGQELTTVNRILIDHVRCANAIITEGVLPANVGGGYVLRKLIRRCVNELLIARQDLHALYSLGKLFSSGYATAGSGAACANVLNVFFAEIELCLKSISAGLIKLSRRSRLSVQCYDTFGVSDKLLRVLAPSLADANYCAAIVYYSKGFVFAKAALKRANCLILDKTCLVGAVGSRTGDQGIVIGASFGFITNHELVNGGHFHKALLSVGVINSICDVCVIKNVYLSELASCYHSISRSLAGVANANFECVKTVFARVSYFNFVLDLDCGDVLSLKRLLVCAFVKQHALTRSECWFVKRNNKVVKFVNISAFGLSFVEECCGIHAGSSVNRRLCYEFKQLSRSKLRIEARSVARQCGDFVNRSNVRAGKASDGVKSVKLKTVAFKQRQYPLEPMGLWLCVLWINNDLNCESYDRARSPFGVIVSSERAAMCCSPLVLSTLSNVFNRLTTTPRTTLVYFPSRLNLSHGLIFIKTALFLLSLQLARKDA
A0A097GZV3,Ubiquinol-cytochrome c reductase iron-sulfur subunit (EC 7.1.1.8),MLTPTLNVNNVELFYSFTCAIVAIGVGIMSWPVASQFLPNAFVSVNPKMEVDLRAVCCGQCVTINWFGTPVFIRNRLAREVRAARAVCLRKLKDKYARNANINSNALAFDRNRCLDVRSENWLVVIAPCTHLGCMPSVTKCGWVCACHGSSYDLSGRVTNGPAATNLSVPKCVYAVSALVLGT
A0A097GZV4,DNA-directed RNA polymerase subunit (EC 2.7.7.6),MRNRPNQPPSTSAEISSLSVSLASAEQILSWSHGEVSNPAGFNSVTGKPEIDSLFCSRTFGPVKDNECLCSVPTFGASSCLVCGVEFVSSWCRRKRFGHIELAVPVAHTWFYKSSPNALALLLDLSANTVRMIINYEVHLIVNSEEPELSAGAFVSDRTFYELSEAKVRCEFVSGASALSMLLSKVDLWELKQGLCLKLAKTRSKSTAFALQRRLELVNLFIESATDPKLIILNVLPVLPPGLRPALLLKDNRYASSDLNELYRRILVKNKAVRASVSEPEARTKNMRELQQSVDALFDNSKAVPRALGYNNCALKSLADLLKGKNGRFRQNLLGKRVDYSGRSVIAPGPELNLNECGLPRVMAMELFKPFLNAKAIMAWKLNDAAEAEALFSLAPGSARAFLEEIVQWHPVLLNRAPTLHKLSFQAFKVRITNSKVIRLHPLVCAGFNADFDGDQMAVHVPLTLEARAEAWALMTSTNNVLHPAHGSPSVLPTQDMILGLYYMSLVSAAASDMCFSSYADVSAALFAGLVKLTAKVRFSAEVNGGCVLRESTPGRLLFNELMPLECRWFYDTSCPPLAKAYVYELIDVVWHRCGVRRMTQFCVDIMKLGFKHACISGVSMGKSDFPDFSYKRDVLTNVSRAVGDLSKRYRVSDRWELWCNAVELITHGVEVELAQRGDFQTSIQIIANSGARGTRSQIRQLVGLKGFVYGFDGKLCSMPVLSSYTQGLSAIEFFYTAYGSRRGLIDTALKTAGSGYLTRKLVEVARDCTVSKLDCKTVKGVRFDLKHNASYIKHNLISRTLATPIVSGNEAVLGANTIISSHNVAKLLKHGGTSVCLRSPMTCECVNGVCSFCYGADLSTSRLVPLGQAVGIIAAQSIGEPGTQLTLRAFHDTSVAKKRERVTRAHILSPCDGVLSLRNLVCVLSAAGDAIVMGKACTLEIERNGVTCYKHKLCRGDRLLAQNGAIVNIGSLLCLGRGVYSTRMVLISGFLKLDGFVEGISSSSGIDAYMGLLLRVALANDLVNAEIKVNTRLSTFVYRPISGEQLIAVSATHINIGDMLTWELMRTRSGAHTRQQLSFAKLSNLFENRARPRSRTLISPFDSRVRIGQTRNNSKVYVLEPLNRQRQAFAFAVKGKPLNVSNGEFVQKGKTLVPGELDLHDFVSRNGLNALTRQFVTRVQDIYESQGVSISSKHIEIILAQMTRYAEVTARGDSGFSLGQRALYASVVKVNNELIANGLKIVNARRLLLGISRICASQRSLLSAMAYQGSTSLLVRASIARTPFKLPSIKERVMLGALTPVGTGIYRNMVLSRC
A0A097GZV5,DNA-directed RNA polymerase subunit beta (EC 2.7.7.6),MCATRRNLLNADLAGPRPPRLKPSLSASAPRLSSVSPALTFKRRELASANTRWQCLPFDNMQERLYVNSLLGSPDGAELTSSKLRRALCALFPASSHSLGIELRDFWIERYALATSEALELKLERGHVFNIKVSCLHYAKLCDALCIIYRDDVQAPLFYLPKISDGGTFNIFGLEKVFVSQLARIPGVRANVKGSTVEVALVSALGRALTVFANKRGAWLANDSKSKTEYFQALMSMGVTRWHALKALFKTAVLLRYKLSWKRLAWRRSQHDVNPMGYGARRRLRSAPEFSAAHAGGVLGTAAVRHGGKVLLRVGAKFDFDCSASLPVSVVYDCDTVCSFLNVERRGEALRIDTQSLAAVNLGRAGRVMFNSIIGQQLTSDCVSKRDLIFLWKRLRSENVYKVARDSDARIVRSCGDVVLDWVLLELKHILKLEPDAVQVSNDALLLGFKRVKRAVNKLFGMSELCQYAEQLNSLTELCHKLRLTYMGEGGVTVRTATESLRDVQRWHFGRVCPVESPEGQNIGLVCSYALFSSVASSGLIQTAFNKVLNGRLSNEFKHLDCFRARNYATLVLNKKLSKQQALCTVNGAIRHLPSTRVELCYSTAAQLFSPAVNLIPFLGYNDSTRALMAANMQKQAVPLIKPTAPIVGTGLERVVIRCTGHNTICVNDALVVHSDSYKIVVHEYELDSYRVYKLPSPRSTNQGTCFRVRATVRPGQLVKSGQHIIECQSSANSEVALGANLLVAFMVWNGLNYEDSVVLSEDVVARGVLQSLHMLECEVKFYKTLLGDEVLADVFESDRCLTENGVVRVGSVVNDGDVLVGKFTPSRDSCNQVVYTDSSYKLPAGTGTATVVSVRFSADASGIQASDLNYYAACYNAIRDTYIKRMAVLAEANTLFCYNSVGCEIFCYVSSELSIQRAINNLYNRYCEELGALINQCSDGLDAVVDSKFKPNKADTNVIEVIKLKLLIRRSIQAGDKISGRHGNKGVISRVVLAADMPYMADGTPIDVVLNPLSVPSRMNLGQVLETHLGLISYKWGLEFKHILKLHDQLNGNDSVIELARLKLSELYPDSDFGCCDAVSVMEAVRETCEGARFACHPFVKLNEPSVKSLFRRVGLKNDVSAQIKLYDGRTGSPFDRKVTVGSMYVLKLNHMVDDKLHARATGPYSIVTQQPLKGKANKGGQRLGEMEVWALQAYGVAFLLREALSVKSDDVEGRKAINNSILRGGVTMRTTWNESFLVLIREMCSLCLNTELKAKFRG
A0A2I6ED37,DNA-directed RNA polymerase (EC 2.7.7.6),GALIKQCSDELDAVADSKFKLNKADTNVIEVIKLKLLIRRSVQAGDKISGRHGNKGVISRVVLAADMPYMADGTPIDVVLNPLSVPSRMNLGQVLETHLGLISYKWGLEFKHILKLHDQLNGNDSVIELARLKLSELYPDSDFSCCDAASVMESVRETCEGARFAC
A0A2I6ED39,DNA-directed RNA polymerase (EC 2.7.7.6),GALIKQCSNELDAMDSKFKLSKADTNVIEVIKLQLLIRRSIQAGDKISGRHGNKGVVSRVVLAADMPYMADGTPIDVVLNPLSVPSRMNLGQVLETHLGLISYKWGLEFKHILKLHDQLNGNDSVIELARLKLSELYPDSDFGRCDAVSVMEAVRETCEGARFAC
A0A2I6ED46,DNA-directed RNA polymerase (EC 2.7.7.6),GALINQCSNELDTVVDSKFKLNKADTNVIEVIKLKLLIRKSIQAGDKISGRHGNKGVISRVVLAADMPYMADGTPIDVILNPLSVPSRMNLGQVLETHLGLISYRWGLEFKHILKLHDQLNGDNTIVELARLKLSELYPDSDFSRCDAVSIMETVRETCEGARFAC
A0A2I6ED49,DNA-directed RNA polymerase (EC 2.7.7.6),GALIKQCSNELDTAADAKLKLSKADTNVIEVIKLKLLIRRSIQAGDKISGRHGNKGVISRVVLAADMPYMADGTPIDVVLNPLSVPSRMNLGQVLETHLGLISYKWGLEFKHILKLHNQLNGNDSVVELARLKLSELYPDSDFSCCDAVSIMEMVRETCEGARFAC
A0A2I6ED50,DNA-directed RNA polymerase (EC 2.7.7.6),GALIKQCSNELDAAADAKLKLSKADTNVIEVIKLKLLIRRSIQAGDKISGRHGNKGVISRVVPAADMPYMADGTPIDVVLNPLSVPSRMNLGQVLETHLGLISYKWGLEFKHILKLHNQLNGNDSVVELARLKLNELYPDSDFSCCDAASVMEMVRETCEGARFAC
A0A2I6ED51,DNA-directed RNA polymerase (EC 2.7.7.6),GSLIKQCSNELDTAVGSKFKPNKADTNVIEVIKLKLLVRKSIQAGDKISGRHGNKGVISRVVLAADMPYMADGTPMDMVLNPLSVPSRMNLGQVLETHLGLISYKWGLEFKHILKLHDQLNGNDSVVELARLKLSELYPDSDFSCCDAVSIMETVRETCEGARFAC
A0A2I6ED52,DNA-directed RNA polymerase (EC 2.7.7.6),GALIAQCANELDTVAGSKFKLNKTDTNVIEVIKLKLLIRRSIQAGDKISGRHGNKGVISRVVLAADMPYMADGTPIDVVLNPLSVPSRMNLGQVLETHLGLISYKWGLEFKHILKLHNQLNGNDSVIELARLKLSELYPDSDFSCCDAVSVMEAVRETCEGARFAC
A0A2I6ED53,DNA-directed RNA polymerase (EC 2.7.7.6),GALIKQCSNELDAPVAAKLKLSKADANVIEVIKLKLLIRKSIQAGDKISGRHGNKGVISRVVLAADMPYMADGTPIDVVLNPLSVPSRMNLGQVLETHLGLISYRWGLEFKHILKLHNQLNGNDSVIELARLKLSELYPDSDFSCCDAVSIMEVVRETCEGARFAC
A0A2I6ED54,DNA-directed RNA polymerase (EC 2.7.7.6),GALIKQCSNELDTAAAAKLKLSKADTNVIEVIKLKLLVRKSIQAGDKISGRHGNKGVISRVVLAADMPYMADGTPIDVVLNPLSVPSRMNLGQVLETHLGLISYKWGLEFKHILKLHNQLNGNDSVVELARLKLSELYPDSDFSCCDAVSVMEMVRETCEGARFAC
A0A2I6ED55,DNA-directed RNA polymerase (EC 2.7.7.6),GSLIKQCSNELDAAVDSKFKPNKADTNVIEVIKLKLLVRKSIQAGDKISGRHGNKGVVSRVVLAADMPYMADGTPIDMVLNPLSVPSRMNLGQVLETHLGLISYKWGLEFKHILKLHDQLNGNDSVVELARLKLSELYPDSDFSCCDAVSVMETVRETCEGARFAC
A0A2I6ED56,DNA-directed RNA polymerase (EC 2.7.7.6),GALIKQCSDELDAVDSKFKLNKADTNVIEVIKLKLLIRRSIQAGDKISGRHGNKGVISRVVLAADMPYMADGTPIDVVLNPLSVPSRMNLGQVLETHLGLISYKWGLEFKHILKLHNQLNGNDSVIELARFKLSELYPDSDFSCCDAVSVMEAVRETCEGARFAC
A0A2I6ED57,DNA-directed RNA polymerase (EC 2.7.7.6),GALIKQCSNELDAAADSKFKLNKADANVIEVIKLKLLVRRSIQAGDKISGRHGNKGVISRVVLAADMPYMADGTPVDVVLNPLSVPSRMNLGQVLETHLGLISYKWGLEFKHVLKLHDQLNGNDSVIELARLKLSELYPDSDFGRCDAVSIMEAVRETCEGARFAC
A0A2I6ED58,DNA-directed RNA polymerase (EC 2.7.7.6),GALIKQCSNELEADSKFKLNKADANVIEVIKLKLLIRRSIQAGDKISGRHGNKGVISRVVLAADMPYMADGTPIDVVLNPLSVPSRMNLGQVLETHLGLISYKWGLEFKHVLKLHDQLNGNDSVIELARLKLSELYPDSDFSCCDAVSIMEAVRETCEGARFAC
A0A2I6ED59,DNA-directed RNA polymerase (EC 2.7.7.6),GALIKQCSNELDTVVASKFKLNKADTNVIEVIKLKLLVRRSIQAGDKISGRHGNKGVISRVVLAADMPYMADGTPIDVVLNPLSVPSRMNLGQVLETHLGLISYKWGLEFKHILKLHDQLNGNDGIVELARLKLSELYPDSDFSCCDAVSVMETVRETCEGARFAC
A0A2I6ED60,DNA-directed RNA polymerase (EC 2.7.7.6),GELIKQCSNELDVSASAKLKLSKTDANVIEVIKLKLLIRKSIQAGDKISGRHGNKGVISRVVLAADMPYMADGTPIDVVLNPLSVPSRMNLGQVLETHLGLISYKWGLEFKHILKLHNQLNGNDSVIELARLKLSELYPDCDFSCCDAVSVMEMVRETCEGARFAC
A0A2I6ED61,DNA-directed RNA polymerase (EC 2.7.7.6),GALIEQCSDGLELDSKFKLNKADTNVIEVIKLKLLIRRSIQAGDKISGRHGNKGVISRVVLAADMPYMADGTPIDVVLNPLSVPSRMNLGQVLETHLGLISYKWGLEFKHILKLHYQLNGNDSVIELARLKLSELYPDSDFSCCDAVSVMEAVRETCEGARFAC
A0A2I6ED62,DNA-directed RNA polymerase (EC 2.7.7.6),GELIKQCSSEFDVSASAKLKLSKTDSNVIEVIKLKLLIRKSIQAGDKISGRHGNKGVISRVVLAADMPYMADGTPIDVVLNPLSVPSRMNLGQVLETHLGLISYKWGLEFKHILKLHDQLNGNDGVIELARLKLSELYPDCDFSCCDAVSIMEMVRETCEGARFAC
A0A2I6ED63,DNA-directed RNA polymerase (EC 2.7.7.6),SALIKQCSNELDAAAGAKLKLNKADTNVIEVIKLKLLVRKSIQAGDKISGRHGNKGVISRVVLAADMPYMADGTPIDVVINPLSVPSRMNLGQVLETHLGLISYKWGLEFKHILKLHNQLNGNDSVTELARLKLSELYPDCDFSCCDAVSVMEMARETCEGARFAC
A0A2I6ED64,DNA-directed RNA polymerase (EC 2.7.7.6),GSLIKQCSNELDTAVGSKFKPNKADTNVIEVIKLKLLVRKSIQAGDKISGRHGNKGVISRVVLAADMPYMADGTPMDMVLNPLSVPSRMNLGQVLETHLGLISYKWGLEFKHILKLHDQLNGNDSVVELARLKLSELYPDSDFSCCDAISIMETVRETCEGARFAC
A0A2I6ED65,DNA-directed RNA polymerase (EC 2.7.7.6),GALINQCSNELDAVADSKFKLNKADTNVIEVIKFQLLVRRSIQAGDKISGRHGNKGVVSRVVLAADMPYMADGTPIDVVLNPLSVPSRMNLGQVLETHLGLISYKWGLEFKHILKLHDQLNGNASVIELARLKLNELYPDSDFSCCDAVSVMEAVRETCEGARFAC
A0A2I6ED66,DNA-directed RNA polymerase (EC 2.7.7.6),GALVKQCSDELDPVVDSKFKLNKADTNVIEVIKLKLLIRRSVQAGDKISGRHGNKGVISRVVLAADMPYMADGTPIDVVLNPLSVPSRMNLGQVLETHLGLISYKWGLEFKHILKLHDQLNGNDSVIELARLKLSELYPDSDFSCCDAVSVMESVRETCEGARFAC
A0A2I6ED67,DNA-directed RNA polymerase (EC 2.7.7.6),GALVKQCSDELDPVVDSKFKLNKADTNVIEVIKLKLLIRRSVQAGDKISGRHGNKGVISRVVLAADMPYMADGTPIDVVLNPLSVPSRMNLGQVLETHLGLISYKWGLEFKHILKLHDQLNGNDSVVELARLKLSELYPDSDFSCCDAVSVMESVRETCEGARFAC
A0A2I6ED68,DNA-directed RNA polymerase (EC 2.7.7.6),GALIKQCSNELDAVADSKFKPNKADANVIEVIKLKLLIRRSVQAGDKISGRHGNKGVISRVVLAADMPYMADGTPIDVVLNPLSVPSRMNLGQVLETHLGLISYKWGLEFKHVLKLHDQLNGNDSVIELARLKLSELYPDSDFGCCDAVSVMEAVRETCEGARFAC
A0A2I6ED69,DNA-directed RNA polymerase (EC 2.7.7.6),GALIKQCSDALEVDSKFKLNKADANVIEVIKLKLLVRRSIQAGDKISGRHGNKGVISRVVLAADMPYMADGTPMDVVLNPLSVPSRMNLGQVLETHLGLISYKWGLEFKHILKLHDQLNGNDSVIELARLKLSELYPDSDFSCCDAVSVMEAVRETCEGARFAC
A0A2I6ED70,DNA-directed RNA polymerase (EC 2.7.7.6),GALIKQCSGKLDIVADTKFKLNKADTNVIEVIKLKLLVRKSIQAGDKISGRHGNKGVISRVVLAADMPYMADGTPIDVVLNPLSVPSRMNLGQVLETHLGLISYKWGLEFKHILKLHDQLNSNDSVIELARLKLSELYPDSDFSCCDAVSIMEIVRETCEGARFAC
A0A2I6ED71,DNA-directed RNA polymerase (EC 2.7.7.6),GALIEQCSNKLDAVADTKFKLNKADTNVIEVIKLKLLVRRSIQAGDKISGRHGNKGVISRVVLAADMPYMADGTPIDVVLNPLSVPSRMNLGQVLETHLGLISYKWGLEFKHILKLHDQLNGNDSVIELARLKLSELYPDSDFSCCDAVSIMEMVRETCEGARFAC
A0A2I6ED72,DNA-directed RNA polymerase (EC 2.7.7.6),GSLINQCSNELDAVVSSKFKLNKADTNVIEVIKLKLLIRKSIQAGDKISGRHGNKGVISRVVLTADMPYMADGTPIDVILNPLSVPSRMNLGQVLETHLGLISYRWGLEFKHILKLHDQLNGNNDVVELARLKLSELYPDSDFSCCDAVSVMETVRETCEGARFAC
A0A2I6ED73,DNA-directed RNA polymerase (EC 2.7.7.6),GSLIKQCSNELDTVVDSKFKPNKADTNVIEVIKLKLLVRKSIQAGDKISGRHGNKGVISRVVLAADMPYMADGTPIDMVLNPLSVPSRMNLGQVLETHLGLISFKWGLEFKHILKLHDQLNGNDSVVELARLKLSELYPDSDFSCCDAVSVMETVRETCEGARFAC
A0A2I6ED74,DNA-directed RNA polymerase (EC 2.7.7.6),GALIKQCSNELDAVMDSKFKLNKADTNVIEVIKLKLLIRRSIQAGDKISGRHGNKGVISRVVLAADMPYMADGTPIDVVLNPLSVPSRMNLGQVLETHLGLISYKWGLEFKHILKLHDQLNGNDSIIELARLKLNELYPDSDFSCCDAVSVMETVRETCEGARFAC
A0A2I6ED75,DNA-directed RNA polymerase (EC 2.7.7.6),GALIEQCSNKLDAVAGTKFKLNKADTNVIEVIKLKLFVRRSIQAGDKISGRHGNKGVISRVVLAADMPYMADGTPIDVVLNPLSVPSRMNLGQVLETHLGLISYKWGLEFKHILKLHDQLNGNDSVIELARLKLSELYPDSDFSCCDAVSIMEMVRETCEGARFAC
A0A2I6ED76,DNA-directed RNA polymerase (EC 2.7.7.6),GALIKQCSNELDTAADAKLKLSKTDTNVIEVIKLKLLVRRSIQAGDKISGRHGNKGVISRVVLAADMPYMADGTPIDVVLNPLSVPSRMNLGQVLETHLGLISYRWGLEFKHILKLHNQLNGNDSVIELARLKLSELYPDSDFSCCDAVSVMEMVRETCEGARFAC
A0A2I6ED77,DNA-directed RNA polymerase (EC 2.7.7.6),GALIERCSANLGTVADTKFKPNKADTNVIEVIKLKLLVRRSIQAGDKISGRHGNKGVISRVVLAADMPYMADGTPIDVVLNPLSVPSRMNLGQVLETHLGLISYKWGLEFKHILKLHDQLNGNDSVIELARLKLSELYPDSDFSCCDAVSIMETVRETCEGARFAC
A0A2I6ED78,DNA-directed RNA polymerase (EC 2.7.7.6),GELIKQCSNELDVEASAKLKLSKTDANVIEVIKLKLLIRKSIQAGDKISGRHGNKGVISRVVLAADMPYMADGTPIDVVLNPLSVPSRMNLGQVLETHLGLISYKWGLEFKHILRLHNQLNGNDSVIELARLKLSELYPDCDFSCCDAVSIMEIVRETCEGARFAC
A0A2I6ED80,DNA-directed RNA polymerase (EC 2.7.7.6),GALIKQCSGKLDIVAGTKFKLNKADTNVIEVIKLKLFVRRSIQAGDKISGRHGNKGVISRVVLAADMPYMADGTPIDVVLNPLSVPSRMNLGQVLETHLGLISYKWGLEFKHILKLHDQLNSNDSVIELARLKLSELYPDSDFSCCDAVSIMEMVRETCEGARFAC
A0A2I6ED81,DNA-directed RNA polymerase (EC 2.7.7.6),GALIKQCSNELDTAADAKLKLNKADTNVIEVIKLKLLIRKSIQAGDKISGRHGNKGVISRVVLTADMPYMEDGTPIDVVLNPLSVPSRMNLGQVLETHLGLISYKWGLEFKHILKLHNQLNGNDSVIELARLKLSELYPDSDFSCCDAVSVMEMVRETCEGARFAC
A0A2I6ED82,DNA-directed RNA polymerase (EC 2.7.7.6),GALIEQCSNKLDAVADTKFKLNKADTNVIEVIKLKLFVRRSIQAGDKISGRHGNKGVISRVVLAADMPYMADGTPIDVVLNPLSVPSRMNLGQVLETHLGLISYKWGLEFKHILKLHDQLNGNDSVIELARLKLSELYPDSDFSCCDAVSIMEMVRETCEGARFAC
A0A2I6ED83,DNA-directed RNA polymerase (EC 2.7.7.6),GALIKQCSDELDAPAAAKLKLSKADANVIEVIKLKLLIRKSIQAGDKISGRHGNKGVISRVVLAADMPYMADGTPIDVVLNPLSVPSRMNLGQVLETHLGLISYRWGLEFKHILKLHNQLNGNDGVIELARLKLSELYPDSDFSCCDAVSIMEMVRETCEGARFAC
A0A2I6ED84,DNA-directed RNA polymerase (EC 2.7.7.6),GALIKQCSNELDIVMNSKFKLNKADTNVIEVIKLKLLIRRSIQAGDKISGRHGNKGVISRVVLAADMPYMADGTPIDVVLNPLSVPSRMNLGQVLETHLGLISYKWGLEFKHILKLHDQLNGNDGIVELARLKLSELYPDSDFSCCDAVSIMETVRETCEGARFAC
A0A2I6ED85,DNA-directed RNA polymerase (EC 2.7.7.6),GSLIKQCSNELDAVVGSKFKPDKADTNVIEVIKLKLLIRKSIQAGDKISGRHGNKGVISRVVLAADMPYMADGTPIDIVLNPLSVPSRMNLGQVLETHLGLISYKWGLEFKHILKLHDQLNGNDSIVELARLKLSELYPDSDFSCCDSVSIMETVRETCEGARFAC
A0A2I6ED86,DNA-directed RNA polymerase (EC 2.7.7.6),GALIERCSAKLDTVAGTKFKLNKADTNVIEVIKLKLLVRRSIQAGDKISGRHGNKGVISRVVLAADMPYMADGTPIDVVLNPLSVPSRMNLGQVLETHLGLISYKWGLEFKHILKLHDQLNGNDSVIELARLKLSELYPDSDFSCCDAVSIMETVRETCEGARFAC
A0A2I6ED87,DNA-directed RNA polymerase (EC 2.7.7.6),GALIKQCSNELDAGAEFKLNKADTNVVEVIKLKLLVCRSIQAGDKISGRHGNKGVISRVVLAADMPYMADGTPIDVVLNPLSVPSRMNLGQVLETHLGLISYKWGLEFKHILKLHNQLNGNDSVTELARLKLSELYPDCDFSCCDAVSVMEMVRETCEGARFAC
A0A2I6ED88,DNA-directed RNA polymerase (EC 2.7.7.6),GALIKQCSDALDTVDSKFKLNKADTNVIEVIKLKLLVRRSIQAGDKISGRHGNKGVISRVVLAADMPYMADGTPIDVVLNPLSVPSRMNLGQVLEAHLGLISYKWGLEFKHILKLHDQLNGNDSVIELARLKLSELYPDSDFSCCDAVSVMEAVRETCEGARFAC
A0A2I6ED89,DNA-directed RNA polymerase (EC 2.7.7.6),GELIKQCSNELDVAASAKLKLSKTDANVIEVIKLKLLVRKSIQAGDKISGRHGNKGVISRVVLAADMPYMADGTPIDVVLNPLSVPSRMNLGQVLEAHLGLISYKWGLEFKHILKLHSQLNGNDSVIELARLKLSELYPDCDFSCCDAVSIMEMVRETCEGARFAC
A0A2I6ED91,DNA-directed RNA polymerase (EC 2.7.7.6),GALINQCSDGLDAVVDSKFKPNKADTNVIEVIKLKLLIRRSIQAGDKISGRHGNKGVISRVVLAADMPYMADGTPIDVVLNPLSVPSRMNLGQVLETHLGLISYKWGLEFKHILKLHDQLNGNDSVIELARLKLSELYPDSDFGCCDAVSVMEAVRETCEGARFAC
A0A2I6ED92,DNA-directed RNA polymerase (EC 2.7.7.6),GSLIKQCSNELDTAVDSKFKPNKADTNVIEVIKLKLLVRKSIQAGDKISGRHGNKGVISRVVLAADMPYMADGTPMDMVLNPLSVPSRMNLGQVLETHLGLISYKWGLEFKHILKLYDQLNGNDSVVELARLKLSELYPDSDFSCCDAVSIMETVRETCEGARFAC
A0A2I6ED93,DNA-directed RNA polymerase (EC 2.7.7.6),GALIEQCSNKLDAVADTKFKLNKADTNVIEVIKLKLLIRRSIQAGDKISGRHGNKGVISRVVLAADMPYMADGTPIDVVLNPLSVPSRMNLGQVLETHLGLISYKWGLEFKHILKLHDQLNGNDSVIELARLKLSELYPDSDFSCCDAVSIMEMVRETCEGARFAC
A0A2I6ED94,DNA-directed RNA polymerase (EC 2.7.7.6),GALIKQCSDELDAVAGSEFKPNKADTNVIEVVKLKLLVRRSVQAGDKISGRHGNKGVISRVVLAADMPYMADGTPIDVVLNPLSVPSRMNLGQVLETHLGLISYKWGLEFKHILKLYNQLNGDDSVVELARLKLSELYPDSDFSCCDAVSVMEAVRETCEGARFAC
A0A2I6ED95,DNA-directed RNA polymerase (EC 2.7.7.6),GALIKQCSNELDTVDSKFKLNKADTNVIEVIKLQLLVRRSIQAGDKISGRHGNKGVVSRVVLAADMPYMADGTPIDVVLNPLSVPSRMNLGQVLETHLGLISYKWGLEFKHILKLHDQLNGNDSVIELARLKLSELYPDSDFSRCDAVSVMEAVRETCEGARFAC
A0A2I6ED96,DNA-directed RNA polymerase (EC 2.7.7.6),GALIKQCSDELDAVAGSKFKLNKADTNVIEVIKLKLLIRRSVQAGDKISGRHGNKGVISRVVLAADMPYMADGTPIDVVLNPLSVPSRMNLGQVLETHLGLISYKWGLEFKHILRLHDQLNGNDSVIELARLKLSELYPDSDFSCCDAASVMEAVRETCEGARFAC
A0A2I6ED98,DNA-directed RNA polymerase (EC 2.7.7.6),GALLKQCSNELDAAVGSKFKLNKADTNVIEVIKLKLLVRRSIQAGDKISGRHGNKGVISRVVLAADMPYMADGTPIDLVLNPLSVPSRMNLGQVLETHLGLISYKWGLEFKHILKLHDQLNGSDSVVELARLKLSELYPDSDFSCCDAVSIMEVVRETCEGARFAC
A0A2I6ED99,DNA-directed RNA polymerase (EC 2.7.7.6),GALINQCSNEHDTAADSKFKLNKADTNVIEVIKLKLLIRKSIQAGDKISGRHGNKGVISRVVLAADMPYMADGTPIDVILNPLSVPSRMNLGQVLETHLGLISYRWGLEFKHILKLHDQLNGSSSIVELARLKLSELYPDSDFSRCDAASIMETVRETCEGARFAC
A0A2I6EDA0,DNA-directed RNA polymerase (EC 2.7.7.6),GSLIKQCSNGLDTVVDSKFKPNKADANVIEAIKLKLLVRKSIQAGDKISGRHGNKGVISRVVLAADMPYMADGTPIDIILNPLSVPSRMNLGQVLETHLGLISYKWGLEFKHILRLHDQLNGNDSVVELARLKLSELYPDSDFSCCDAVSVMETVRETCEGARFAC
A0A2I6EDA1,DNA-directed RNA polymerase (EC 2.7.7.6),GALIKQCSDELDTVAASKFKLNKADANVIEVIKLKLLVRRSIQAGDKISGRHGNKGVISRVVLAADMPYMADGTPIDVILNPLSVPSRMNLGQVLETHLGLISYKWGLEFKHVLKLHDQLNGNDSVIELARLKLSELYPDSDFSCCDAVSIMEAVRETCEGARFAC
A0A2I6EDA2,DNA-directed RNA polymerase (EC 2.7.7.6),GALIKQCSNELDSAADAKLKPNKADTNVIEVIKLKLLIRKSIQAGDKISGRHGNKGVISRVVLAADMPYMEDGTPIDVVLNPLSVPSRMNLGQVLETHLGLISYKWGLEFKHILKLHNQLNGNDSVIELARLKLSELYPDSDFSCCDAVSVMEMVRETCEGARFAC
A0A2I6EDA3,DNA-directed RNA polymerase (EC 2.7.7.6),GALIKQCSDELDTVADSKFKLNKADTNVIEVVKLKLLVRRSVQAGDKISGRHGNKGVISRVVLAADMPYMADGTPIDVVLNPLSVPSRMNLGQVLETHLGLISYKWGLEFKHILKLHDQLNGNDSVIELARLKLSELYPDSDFRRCDAVSVMEAVRETCEGARFAC
A0A2I6EDA4,DNA-directed RNA polymerase (EC 2.7.7.6),GALIKQCFNEFDAVVDSRFKLNKADINVIEVVKLKLLVRRSIQAGDKISGRHGNKGVISRVVLAADMPYMADGTPIDVVLNPLSVPSRMNLGQVLETHLGLLSYKWGLEFKRILKLHNQLNGNDSVVELARLKLSELYPDSDFSCCDAVSIMEVVRETCEGARFAC
A0A2I6EDA5,DNA-directed RNA polymerase (EC 2.7.7.6),GALIKQYSNELDSAADVKLKLSKADTNVIEVIKLKLLIRKSIQAGDKISGRHGNKGVISRVVLAADMPYMADGTPIDVVLNPLSVPSRMNLGQVLETHLGLISYKWGLEFKHILKLHNQLNGNDSVTELARLKLSELYPDSDFSCCDAASVMEMVRETCEGARFAC
A0A2I6EDA6,DNA-directed RNA polymerase (EC 2.7.7.6),GALIKQYSNEPDSAADVKLKLSKADTNVIEVIKLKLLIRKSIQAGDKISGRHGNKGVISRVVLAADMPYMADGTPIDVVLNPLSVPSRMNLGQVLEAHLGLISYKWGLEFKHILKLHNQLNGNDSVTELARLKLSELYPDSDFSCCDAASVMEMVRETCEGARFAC
A0A2I6EDA7,DNA-directed RNA polymerase (EC 2.7.7.6),GALIAQCSNGLGAVADSKFKLNKADAGVIEVVKLKLFVRRSIQAGDKISGRHGNKGVISRVVPAADMPYMADGTPMDVVLNPLSVPSRMNLGQVLETHLGLIGYKWGLEFKRVLKLYNQLNGSDSVVELARLKLSELYPDSDFSCCDAVSIMEIVRETCGGARFAC
A0A2I6EDA8,DNA-directed RNA polymerase (EC 2.7.7.6),GALIKQCSNELDTAADVKLKLSKADTNVIEVIKLKLLIRRSIQAGDKISGRHGNKGVISRVVLAADMPYMADGTPIDVVLNPLSVPSRMNLGQVLETHLGLISYKWGLEFKHILKLHNQLNGNDSVIELARLKLSELYPDSDFSCCDAVSVMEMVRETCEGARFAC
A0A2I6EDB1,DNA-directed RNA polymerase (EC 2.7.7.6),GALIKQCSNELDAAAGASFKLNKADTNVIEVVKLKLLVRRSIQAGDKISGRHGNKGVISRVVLAADMPYMADGTPIDVVLNPLSVPSRMNLGQVLEAHLGLISYKWGLEFKHILKLHDQLNGNDSVTELARLKLSELYPDCDFSCCDAVSVMEMVRETCEGARFAC
A0A2I6EDB2,DNA-directed RNA polymerase (EC 2.7.7.6),GAFIKQCSNEFGVVADSKFKLNKADTDVIEVIKLKLLIRRSIQAGDKISGRHGNKGVISRVVLTADMPYMADGTPIDLILNPLSVPSRMNLGQVLETHLGLISYKWGLEFKRILKLHDQLNGGDGIIELARLKLSELYPDSDFSCCDAVSIMEIVRETCEGARFAC
A0A2I6EDB3,DNA-directed RNA polymerase (EC 2.7.7.6),GALIAQCSDELSAAADSKFKLNKADTDVIEVVKLKLLIRRSIQAGDKVSGRHGNKGVISRVVLAADMPYMADGTPIDLVLNPLSVPSRMNLGQVLETHLGLISYKWGLEFKHILKLHDQLNGSDSVIELARLKLSELYPDSDFSCCDAVSIMEIVRETCEGARFAC
A0A2I6EDB4,DNA-directed RNA polymerase (EC 2.7.7.6),GALIKQCSNELDTAAAAKLKLSKADTNVIEVIKLKLLIRKSIQAGDKISGRHGNKGVISRVVLAADMPYMADGTPIDVVLNPLSVPSRMNLGQVLEAHLGLISYKWGLEFKHILRLHNQLNGNDSVIELARLKLSELYPDSDFSCCDAVSVMEMVRETCEGARFAC
A0A097GZS3,Uncharacterized protein,MCACVWVRAGVSPLIIAAGCWGGGLVWVCLCCWLFFVVVVVVFLLLLNNVVIILINYYYYLIY
A0A097GZS5,Uncharacterized protein,MSIQEPNQVLNIKLGNLVVRPAEADKLNGGIIKSASVIKYSQGWAKAVRSGNVVIGTIDLVAACTWVESVEFEFCAKTNNVIVRLLADKTKTHWTNVSYFTKGSELEDYIQQARELNEVVLHKVLYFEDASVREAKITNYELFRILSSRSFCIKLEDENVIIIEFETHEISKLLKERSRRTPNAKIEQLDLQQNLEYNLRHKAKQHMQNPSLNRSLAEQFEELKQKLVNEINLPRLIAANAPKWKNYYINTANVERSP
A0A097GZS6,RNA polymerase sigma factor rpoD,MFFVNAVRLPVVTTLMLSILEEEYSDCLTSFKLVDRRLIKLCCDFEQNEHTGDCSVCEHETCDKQSWEYLLECEYSAGAITSCFQFRVCECRRCLLCWALVKLLVHNLKDNVNWQIRMASLLLKANVDYKFAQLIRVLIAILKRKWLFTALDCKCAVRPLALLRWALVCESEIRRYKRSVVSDSRWLAAWIFKTCFQYSLNKSSIVRAGQLGLLISVNRFDFHSGFKFSTYARWWVRHRMLDMSALSATAQTFRTNVLKVRSVGVGQNISNTISIVKAERYRMVSLDQALGGNCDLHAVTAYDNTTVNAKCYDGTARAFKFLRRLALLSSREERVLRLRGHSLTDFKRSLAKIGCELGLCKERIRQIELTASARVRTLDEAVARKLLGLQR
A0A097GZS7,50S ribosomal protein L36,MMRMKLRGSLKFLKSRHSANVVVKRGKKVFIVNKLKPKYKARQR
A0A097GZT1,Uncharacterized protein,MRVWGGSPPSLCPHTTKRRATALRNTPERMITLPIASVTPQVFGTPHRYLRSKLTQPKRKSVLNSGALKSSPQLLWPRHCAHTNPTTQPNKPPATPVFARSRAQQTNRQLLTRAAKNRNKPPRNKISLCALRTNTCLLTHSR
A0A097GZT2,Thioredoxin reductase,MVNFEKLIIVGAGPAGLTAGIYAARSMLHPLIIAGPVPGGQLISTTEIENFPGFASKMQGYELMEKMRTQAAKLGARIVADSVEEIDTSELPFHMLTASGKVYVANSIIVATGSEPKTLKLPNEGKLRGSGVSTCATCDGFFYKNKNVAIVGGGNTAATDALYLAKIVKSVTVVCRGNKLTCEKVLEEKLLEHKNIKVLYNSIVVKYITKHSDNTGLRAIQIASPEAKYSIRVEGVFIAIGTTPCSSAFASLEKDPQGYIITKPNSTKTNIIGIFAAGDVNSACYKQAVIAAGSGCIAALELEQFLCT
A0A097GZT7,Small ribosomal subunit protein uS4,MIACSNPPGQHGAKIKTKTSDFCVRMIAKQKLKFYYSNLTESKLRKLYKNALRYGGNASHNLVRLLESRLDVLVYRVGLATSLFAARQFVSHGHVLVNNVKVTICSYMCKSGDVFRVAPKAISSLAVKTSVLNSCFRAPCYIQSDYKHLIFNLIKTPSVNDIEYPNSMCLDLVMEYYQGLN
A0A097GZU1,Uncharacterized protein,MLLALSKMVRGTRAARSLHFSFVASKLVAGGRELGSNFKLTRFANCLFGVVILCVKHTAAGWCVLLKSDNRTVPVYHSNVITAGHTVLFSPYKVHVPRYSESFNNRTVHSLRCDGFLVTPYDLGIGAVYNRVLFCDIARAFEFNDTFELNKTDSEPAHAGVTFSNVKLRRLGLTCDVRALANVKQLNRDLVYVNSLWNVCRDSFRLLRWFVNTKNTADGSVYDYFLFISSVHGVFIHINYADARLRNSVANERLLLSGYIRLANELVLSSDERLFSIIGVLDIDWLRHAAYNALFVISLDTQLNTSLIRHVLGLFVLDSSMLEYSKFRTLKLGIRYLFLNSAVIVVNNCLCCGVVCSSSVKLLRLTGIVAANVGAIVFLKLPVWRLDLMSCVDSLQCWRAGLGSKCFLNKLKRSRKLRVLSATRKKYKINKIKKTYFNDLMALRRYFNSFEFREFKTDCLLHGMQARLFAALSFVSLYTVNNNLFVRCSAVPNLAAQYSRCSSTVCGVYETGKLTVNCKAFEFFCAIGDSQIFSHLFCSVYNAFFRVLPLIVRSSGDDWQVLDLSLNVVCACGKLSCLALRFYGFVKNVFYFECRSDSCNRLPQTLAVYVFNSVYFIVEVGIAFGPHNFARKLQRYNSMLCSVRLQSSSCFARFSLVILSLKSFVLSSDFLNNLRLVLENLIQSDNSKLVWRC
A0A097GZU2,Small ribosomal subunit protein uS2,MKTANINRSFISLSALVRLGAHRGHKAALLKTAMRPYVLGNWHGLNVVSVDKTLTALKTGFDIAFEAICANTNVLLVCNGLSYARGVACALADIEQHCVVKEFGGMVTNWFTFKSIRPRLERYRKVIDAVKDKRLAAYYNRRTERACRAFVSYPELGCLPGAVVVFCSSNVDRVILEANKTKVPVIGLADSFSEVAGADCVVPMCEGSNKVSEFMCELFASVCSRAVLVSRRTRLFGLAMCSSCTRIGDYNASQALSAVCCQFKSEYLAPSNVKLVSTLLRVANVLNVKLTFFMLLSLIVYAPVTLNTPLRTVINLCKLRLLTKTLSAAVAVRLRLFIKWLECMHCLVSARSKPASDAIALKYGKFSSPDINVKDHLPQPTDIEDSHRDYYKIRYFDVNVVGTFDYFFDLTKLSGKWFI
A0A097GZU3,Uncharacterized protein,MCGSQFDSFFPPFFSFFFSFFFLLRACVAWLGLAWLGLAYVILGGLIIIISVIIIISVIISVSSVSSVSIIYIYIYFFFPPPLSFVRSFVRVVLLCAWFVVCARRSEFESSVRAIGTR
A0A097GZU4,Uncharacterized protein,MGETQFNTNTRCVIGAGLGGKNIAKNKNSISIALADNTPGGSQRHTETQLRKSV
A0A097GZU5,Methionine--tRNA ligase (EC 6.1.1.10),MYWVYTSLIYTDAPPHVGHLYELSVANALCECIKNWHSVKLAAGADDHGAKIQNLSKNKNINPTKVSNLNSNKILAMCSKYKINVKDWISTSYPRHTKLVASKIKQINAANAISKLDYCGWYSPQLDCYRGSDHVQFSKNLLYCANNAPVEWTEERGAFINFSRAKPKLLAIHRASLVAIPYINVNSAFRIINSTEDVCITRDKTTSYGIKLITQNLKLVLWVWIDAILAYINANRRNKVHIIGKDITKFHLTHYVALSLLLSTKLPKAILQHVYINTLKTKVSKSLKNQPSGASFRTCALYYYLCTRSFRNDIELNESGLAAAFAKLTNNMGNLAKRIIKLRTLNRLKLRQLTISEWIIVLYVKRLTTTLGHLVKSFKLNETNSTILDGTAKINSAISNYKLWHNARAGHKLFVYAFAAKRHIHWLKFAIGGNAESMILNINSANTKYVPFPKLA
A0A097GZU6,Indoleacetamide hydrolase,MCRNRRICAQVIILALPQPALVALFYPIRACWLKAINALCLKRSDVALTLFLALSLRAERLDWYFRMSAGHDFERALTRARARQRNRKRSLFGFSVSVKELLLLKDRFAEASSMMLSGFVSAHESEALTRLKRAGASALCRANADEFGIGSDGSACARGYIVNAWARTACSLVQEVVTAGGSSGGCATAVALRVSTVALATDTGGSVRQPASYVGVIGLKPSYGRCSRWGVLAYASGLDQVGVLARNASDCARVCAAVFGKDLKDWTSVDLPVPKFEFYVSNSRFGLTRRSISAIVLKQQTPCFKRAWTYCLSTLARIGFELTDANVPFADMVVPCYSVLTSVECCSNFARYNGIRFGLRLREVSAFLLYKKLRTVAFSAEVKRKLFTCAYVLSTRLGYEQYYLKAQRIRFVIKNCLITRLCDRNVLASLSVPASRLSVNNKLQPNVLTDVYTVLASLTGLPSVSVPTCFSEVGLPFGIQLIASAYKELELIVASAMIARVNGVPSVCR
A0A097GZU7,Secreted protein,MRLLWLIAMLFETPTLVAYNVTICSVLCVITLSPNAHAAVAAHANNLLSNTRTVFIKLAWWGACGCGVCPNHSELYDACASPSSEHAEGACCDSGVVLERVIAVVLCRSLSVNRLLQRAERACDR
A0A097GZU9,Cytochrome c oxidase subunit 3,MPLTATVAVSGVMLLLSYVWAYWHYYYASKSKLHNVLYNLTGGEWPPQRAKPTGKLAATFYKTAITLLMNSMLNNNRNKNLKPQMALTLLLLLTQIIELLSNKPLKRMALIYYTCANSVLVLLVLFTTIGLIINLFQVALNSKSIQSEYIDALHYWYWKSFVVAWNIINGLMFK
A0A097GZV0,Aerobic cobaltochelatase subunit CobN (EC 6.6.1.2),MHYLEAFRITLLGRLFKFVFLNYDFVELERLITALSYSVLLVVSVFNEFKFKRRALLLIERLKARLDFKALVVFESSNTGCYYYSGDCRRVTINCLCVGALFLNALVSVAATQSVELLATHCENTQPRCNLRPLLPLRLHASNVLLCVYNAAVTVYRGVVASINNRILFYRIRALLFRFKCESTQNDLIEYRLALCEFVPLVTLSLTSFVCIGAINVHKSVVLQLALSGERLFKLICFKCALTKLELCQKLELSEIEGKVFIRALGFASVALDLKTGAYSCLFRAVYNRLNFVIKVLLCWLELSACARAFVFVIFNYPSSDSRIGNGVGLDTIASVVNIHNLLVRQRFLTRAALVNELLFGVTNYSNLNRITRVTMCLRARASEVSDVVTTRLWGKARVDPFVVNEFSSLSVYRVARSYVMVQPTRGYGLVNPSIYHSAFVVPCRFYWTSYVLCERVCADALLINVGKHGSLEWLPGRANVLSRSCYPELVGLGKPNLYLYIMNNPGEGTQAKRRISSVIVDHFLPPLRALSEPGCAGNSHSLQQRLESNNKYYCNLLGLQFRSGLHVYGVLEIPSVVASLSLLLNWRLKLAVVNICKRIKTWSRRYTASDCGAFCLQYSVYSAVSVRHVPSSTLKKPILLAVASCFCELYSIIKCTKTKFVLPGLSSTFARADCSVLPTGRNFFSKGVLNAPTPWAYSVSTAAVIKLLRAYYNRSCVWLKTVGISVWATANMRTGGDDIATVLRLNGVKPIWEAETFEVIGFEVLPLKTIRFPRVNVLVRLSGLFRDIYHRVVDRLYRVFEVLTCLNNAAGGGFGFEVAECDLFSSEPGLYGTGLQELLDSGNRVSVFALAKKYVIFGGYRYNGSDWENGASAFANALANVQVVLQSQDNREHDVLDSDDYYQFEGGMNAAVRCIRSKVCGYHIDTSYALKANIKVRRLRYEIDRVLRCKLLNKSWVLSTLGHGYRGAAEVVANLSYFCGFALTSFQTSGSQFMSIFNTLIADSSVNALIAASNKNALVDIKRKLLEVLRMGVWSPISNNVRFCLET
A0A097GZV1,"Precorrin-6Y C5,15-methyltransferase",MLTLAMPCDKKSVFLYIKLYCMCKLIVGCSGVRFKPFCGKACVWKSDFYAVLFWVKRNVVGLAALVIAASVWYKSVGQSLQRCKASFYSVFGLPYGAKLINRMGLFNWDCEYKLIASEGLCKLDELRACDTAWFCFVRNRVFKMCCHDFIKSTEFEFVELSKFTAFRRLKRVFPKFGLRCAANHTKCVTRAAVSGELLGGTTLWDLGSGSGGLSLCWCSRGGFCAICFEQSVFSVKACVYNTRLMSRALKIKTQLVELDYKTGLFGVCLPDRVFFGCGLKRFRDWRLVFVHLKFGGRALLISVSNSGCVRINLLNSECVSKSYLLVVRKLKLRLNARLYSLCSSVFVCVLRKHGVNIW
A0A097GZV2,Sirohydrochlorin cobaltochelatase (EC 4.99.1.3),MRLLRLFFIGHGSANVSSVSEFVYVVDLFRLCHLWIDVRCWVLEFSKLTLVSCFGMSVKICIIAPVMLFNSKHVKYDLCTVAGFLQNLNKFGVVLLAVGLCSVLLTTKLIARLVSALIASDSTLDGNWINSVAFMVFRGGSELGVNALAHSLTRVVWEGSGCLWCEACYFGLTFPLVNVVKLLALPTRGVVFLPMLLFFGELYSSLSKCKSVAGYIFSSVAAVNVLFKQLERVLFEFSLGECNLCKYRLTV
A0A097GZV6,Holliday junction resolvase-like protein,MNCTQIQNIQQHNFGQNRNINLICLDIGKTVGIAQKPTRGRLASDLNLSLNKAMSHVTSGVRAGACTLLVVGHPVTLTGKRSARTLIVENVVKIMRQRLKVPVVLWDERLTTKWAHKRHHCDAAALILQRFFHAIISDRGALPNNALVRTWNQSLLHYEERETPTTAASAH
A0A097GZW1,Putative cob(I)alamin adenosyltransferase,MPRDLRSHNYIRKGLCVCLYGRGRFKTSACLGFAARSDFRGVSCVSVSVLKLVWGPKAGSGCCVCRFRKTGGGCECIALASYWCIVSKHYWRPVLVVCVFRRATAGLQTQAQCVYAVFAKTEPANGFCGCKEANLVALRCAIFM
A0A097GZW6,Vegetative protein 341,MENTLPTVVRQLRELRIPEPPLLLEAKWRVSVVAAGDLRSCASAVRDVALIKFGLAIAKEVRSLLPLALKEAKEFVRNAPKPVKCGLGRPEAAALKA
V6AWA1,Proteolysis tag peptide encoded by tmRNA Hodgk_cicad_Dsem,ANTTSQASDESKLVPSRAASL
