Entry,Sequence
A0A097GZV4,MRNRPNQPPSTSAEISSLSVSLASAEQILSWSHGEVSNPAGFNSVTGKPEIDSLFCSRTFGPVKDNECLCSVPTFGASSCLVCGVEFVSSWCRRKRFGHIELAVPVAHTWFYKSSPNALALLLDLSANTVRMIINYEVHLIVNSEEPELSAGAFVSDRTFYELSEAKVRCEFVSGASALSMLLSKVDLWELKQGLCLKLAKTRSKSTAFALQRRLELVNLFIESATDPKLIILNVLPVLPPGLRPALLLKDNRYASSDLNELYRRILVKNKAVRASVSEPEARTKNMRELQQSVDALFDNSKAVPRALGYNNCALKSLADLLKGKNGRFRQNLLGKRVDYSGRSVIAPGPELNLNECGLPRVMAMELFKPFLNAKAIMAWKLNDAAEAEALFSLAPGSARAFLEEIVQWHPVLLNRAPTLHKLSFQAFKVRITNSKVIRLHPLVCAGFNADFDGDQMAVHVPLTLEARAEAWALMTSTNNVLHPAHGSPSVLPTQDMILGLYYMSLVSAAASDMCFSSYADVSAALFAGLVKLTAKVRFSAEVNGGCVLRESTPGRLLFNELMPLECRWFYDTSCPPLAKAYVYELIDVVWHRCGVRRMTQFCVDIMKLGFKHACISGVSMGKSDFPDFSYKRDVLTNVSRAVGDLSKRYRVSDRWELWCNAVELITHGVEVELAQRGDFQTSIQIIANSGARGTRSQIRQLVGLKGFVYGFDGKLCSMPVLSSYTQGLSAIEFFYTAYGSRRGLIDTALKTAGSGYLTRKLVEVARDCTVSKLDCKTVKGVRFDLKHNASYIKHNLISRTLATPIVSGNEAVLGANTIISSHNVAKLLKHGGTSVCLRSPMTCECVNGVCSFCYGADLSTSRLVPLGQAVGIIAAQSIGEPGTQLTLRAFHDTSVAKKRERVTRAHILSPCDGVLSLRNLVCVLSAAGDAIVMGKACTLEIERNGVTCYKHKLCRGDRLLAQNGAIVNIGSLLCLGRGVYSTRMVLISGFLKLDGFVEGISSSSGIDAYMGLLLRVALANDLVNAEIKVNTRLSTFVYRPISGEQLIAVSATHINIGDMLTWELMRTRSGAHTRQQLSFAKLSNLFENRARPRSRTLISPFDSRVRIGQTRNNSKVYVLEPLNRQRQAFAFAVKGKPLNVSNGEFVQKGKTLVPGELDLHDFVSRNGLNALTRQFVTRVQDIYESQGVSISSKHIEIILAQMTRYAEVTARGDSGFSLGQRALYASVVKVNNELIANGLKIVNARRLLLGISRICASQRSLLSAMAYQGSTSLLVRASIARTPFKLPSIKERVMLGALTPVGTGIYRNMVLSRC
A0A097GZV5,MCATRRNLLNADLAGPRPPRLKPSLSASAPRLSSVSPALTFKRRELASANTRWQCLPFDNMQERLYVNSLLGSPDGAELTSSKLRRALCALFPASSHSLGIELRDFWIERYALATSEALELKLERGHVFNIKVSCLHYAKLCDALCIIYRDDVQAPLFYLPKISDGGTFNIFGLEKVFVSQLARIPGVRANVKGSTVEVALVSALGRALTVFANKRGAWLANDSKSKTEYFQALMSMGVTRWHALKALFKTAVLLRYKLSWKRLAWRRSQHDVNPMGYGARRRLRSAPEFSAAHAGGVLGTAAVRHGGKVLLRVGAKFDFDCSASLPVSVVYDCDTVCSFLNVERRGEALRIDTQSLAAVNLGRAGRVMFNSIIGQQLTSDCVSKRDLIFLWKRLRSENVYKVARDSDARIVRSCGDVVLDWVLLELKHILKLEPDAVQVSNDALLLGFKRVKRAVNKLFGMSELCQYAEQLNSLTELCHKLRLTYMGEGGVTVRTATESLRDVQRWHFGRVCPVESPEGQNIGLVCSYALFSSVASSGLIQTAFNKVLNGRLSNEFKHLDCFRARNYATLVLNKKLSKQQALCTVNGAIRHLPSTRVELCYSTAAQLFSPAVNLIPFLGYNDSTRALMAANMQKQAVPLIKPTAPIVGTGLERVVIRCTGHNTICVNDALVVHSDSYKIVVHEYELDSYRVYKLPSPRSTNQGTCFRVRATVRPGQLVKSGQHIIECQSSANSEVALGANLLVAFMVWNGLNYEDSVVLSEDVVARGVLQSLHMLECEVKFYKTLLGDEVLADVFESDRCLTENGVVRVGSVVNDGDVLVGKFTPSRDSCNQVVYTDSSYKLPAGTGTATVVSVRFSADASGIQASDLNYYAACYNAIRDTYIKRMAVLAEANTLFCYNSVGCEIFCYVSSELSIQRAINNLYNRYCEELGALINQCSDGLDAVVDSKFKPNKADTNVIEVIKLKLLIRRSIQAGDKISGRHGNKGVISRVVLAADMPYMADGTPIDVVLNPLSVPSRMNLGQVLETHLGLISYKWGLEFKHILKLHDQLNGNDSVIELARLKLSELYPDSDFGCCDAVSVMEAVRETCEGARFACHPFVKLNEPSVKSLFRRVGLKNDVSAQIKLYDGRTGSPFDRKVTVGSMYVLKLNHMVDDKLHARATGPYSIVTQQPLKGKANKGGQRLGEMEVWALQAYGVAFLLREALSVKSDDVEGRKAINNSILRGGVTMRTTWNESFLVLIREMCSLCLNTELKAKFRG
A0A097GZV0,MHYLEAFRITLLGRLFKFVFLNYDFVELERLITALSYSVLLVVSVFNEFKFKRRALLLIERLKARLDFKALVVFESSNTGCYYYSGDCRRVTINCLCVGALFLNALVSVAATQSVELLATHCENTQPRCNLRPLLPLRLHASNVLLCVYNAAVTVYRGVVASINNRILFYRIRALLFRFKCESTQNDLIEYRLALCEFVPLVTLSLTSFVCIGAINVHKSVVLQLALSGERLFKLICFKCALTKLELCQKLELSEIEGKVFIRALGFASVALDLKTGAYSCLFRAVYNRLNFVIKVLLCWLELSACARAFVFVIFNYPSSDSRIGNGVGLDTIASVVNIHNLLVRQRFLTRAALVNELLFGVTNYSNLNRITRVTMCLRARASEVSDVVTTRLWGKARVDPFVVNEFSSLSVYRVARSYVMVQPTRGYGLVNPSIYHSAFVVPCRFYWTSYVLCERVCADALLINVGKHGSLEWLPGRANVLSRSCYPELVGLGKPNLYLYIMNNPGEGTQAKRRISSVIVDHFLPPLRALSEPGCAGNSHSLQQRLESNNKYYCNLLGLQFRSGLHVYGVLEIPSVVASLSLLLNWRLKLAVVNICKRIKTWSRRYTASDCGAFCLQYSVYSAVSVRHVPSSTLKKPILLAVASCFCELYSIIKCTKTKFVLPGLSSTFARADCSVLPTGRNFFSKGVLNAPTPWAYSVSTAAVIKLLRAYYNRSCVWLKTVGISVWATANMRTGGDDIATVLRLNGVKPIWEAETFEVIGFEVLPLKTIRFPRVNVLVRLSGLFRDIYHRVVDRLYRVFEVLTCLNNAAGGGFGFEVAECDLFSSEPGLYGTGLQELLDSGNRVSVFALAKKYVIFGGYRYNGSDWENGASAFANALANVQVVLQSQDNREHDVLDSDDYYQFEGGMNAAVRCIRSKVCGYHIDTSYALKANIKVRRLRYEIDRVLRCKLLNKSWVLSTLGHGYRGAAEVVANLSYFCGFALTSFQTSGSQFMSIFNTLIADSSVNALIAASNKNALVDIKRKLLEVLRMGVWSPISNNVRFCLET
A0A097GZU8,MTESLCWHSPWARVRFCSVYCGCKLVVGALELKRTFLEHFISWGHTPIPSFSVKSDKIDLLFNNSGMAPLYNTFYNGAAASAPLCSIQKCVRLGGKHNDYLNIGLSKRHLSLFEMMGGFSFGNYDKLYAMQLVWEFLVRLSLDVSKLVITVHATDLSTMALWKSVVKSECNVLATYGEQNVWRAGSDGLCGACTEIYYVNGLDLWEVLNVVFITHNQRCGECKKLELGCVDIGIGLERLLAVLNGSFDVYSVDGIKQISNSVWPGQELTTVNRILIDHVRCANAIITEGVLPANVGGGYVLRKLIRRCVNELLIARQDLHALYSLGKLFSSGYATAGSGAACANVLNVFFAEIELCLKSISAGLIKLSRRSRLSVQCYDTFGVSDKLLRVLAPSLADANYCAAIVYYSKGFVFAKAALKRANCLILDKTCLVGAVGSRTGDQGIVIGASFGFITNHELVNGGHFHKALLSVGVINSICDVCVIKNVYLSELASCYHSISRSLAGVANANFECVKTVFARVSYFNFVLDLDCGDVLSLKRLLVCAFVKQHALTRSECWFVKRNNKVVKFVNISAFGLSFVEECCGIHAGSSVNRRLCYEFKQLSRSKLRIEARSVARQCGDFVNRSNVRAGKASDGVKSVKLKTVAFKQRQYPLEPMGLWLCVLWINNDLNCESYDRARSPFGVIVSSERAAMCCSPLVLSTLSNVFNRLTTTPRTTLVYFPSRLNLSHGLIFIKTALFLLSLQLARKDA
A0A097GZT6,MKSDKIDLLFNNSGMAPLYSMFYNGAAGVAPLCNIQKCIRLGGRHNDYLNIGLSKRHLSLFEMMGGFSFGNYDKLYAIQLVWEFLARLSLDVSKLVITVHATDLSTIALWKSVVKSECNVLVTYGEQNVWKAGSNGLCGACTEIYYVNGSDLWEVLNVVFITHSRCHNECKKLGLGCVDIGIGLERLLAVLNGSFDVYSTDGIKRISNSVWPGQRLTAVNRILIDHVRCANAIITEGVLPANVGIGYVLRKLIRRCVNELLTARQDLCVLYTLAKLFCSGHAITESGADCANVLNVFFAEIELCLKAIGVGLIKLSRRSSLTVQCYDTFGVSDKLVRVLAPNLPDANYCAAIVYYNKSFVFAKAALKRTNCLILDKTCLAGAVGAQAGDQGVVVGASFGFITNHELVNGGHFHKVLLSVGVINSICDVCVIKNIHLSELSSCYHSISRSLVGTANANFECVKTVFARVNYFNFALDLDCGDASSLKRLLACAFAKQHVLTRSEHWFVKRNNKIVKFVNVSAFGLNFVEECCGTHAGSSVNCKLCYEFKHLSGSKLRIEAHSAASQCADSVNRLTPRAGGALHGIKSVKLEIAAPKQHQYPLAPTGLWLCVLRINNGLNCESCNRTKSRFGIIVSSEQVAMCCSPLVLSSLSNVFNRLIKPPRGGLLCFPSHLNLAYGLIFVKTALFLLSSQFARENE
A0A097GZU1,MLLALSKMVRGTRAARSLHFSFVASKLVAGGRELGSNFKLTRFANCLFGVVILCVKHTAAGWCVLLKSDNRTVPVYHSNVITAGHTVLFSPYKVHVPRYSESFNNRTVHSLRCDGFLVTPYDLGIGAVYNRVLFCDIARAFEFNDTFELNKTDSEPAHAGVTFSNVKLRRLGLTCDVRALANVKQLNRDLVYVNSLWNVCRDSFRLLRWFVNTKNTADGSVYDYFLFISSVHGVFIHINYADARLRNSVANERLLLSGYIRLANELVLSSDERLFSIIGVLDIDWLRHAAYNALFVISLDTQLNTSLIRHVLGLFVLDSSMLEYSKFRTLKLGIRYLFLNSAVIVVNNCLCCGVVCSSSVKLLRLTGIVAANVGAIVFLKLPVWRLDLMSCVDSLQCWRAGLGSKCFLNKLKRSRKLRVLSATRKKYKINKIKKTYFNDLMALRRYFNSFEFREFKTDCLLHGMQARLFAALSFVSLYTVNNNLFVRCSAVPNLAAQYSRCSSTVCGVYETGKLTVNCKAFEFFCAIGDSQIFSHLFCSVYNAFFRVLPLIVRSSGDDWQVLDLSLNVVCACGKLSCLALRFYGFVKNVFYFECRSDSCNRLPQTLAVYVFNSVYFIVEVGIAFGPHNFARKLQRYNSMLCSVRLQSSSCFARFSLVILSLKSFVLSSDFLNNLRLVLENLIQSDNSKLVWRC
A0A097GZT3,MSAFYHIEQRLLIISAKMFIAYTKTKSKIEQAAASALSYTNWDHAIIGRAYILFSVASGVIGILMSTLMRLELHKPQIQVFNKISKLIYKSGDFGDQAKHLYNVTLTAHGLIMIFYMLMPMLINGFGNLNIPEQLGVRSMAFPKMGATSLALLILSLIHTVLSLLTKGTPTEHGAATGWTLYPPLSNRTYHAGKSVNYIINAICLACVSSLLNAANFISTIISQTQPRKLTRIPLFAWSVLISSVLLVLTLPVLISAITMLYTDRILNTVFYEPKAGGDPALFQHLFWFFGHPEVYILIMPAFGIISEIVSKFTKKPVFGRTGMVFAMGAIGLIGLMVWAHHMYTVGLSYGAQKYFVTATMAVAIPTGIKVFSWLSTLWRGKVSLQPPMLWALGFIALFVTGGITGVQLANASLSNVLHDTYYVVAHFHYMLSIAAVFGVLAAWYYWFHKIFKKGFKASLCTAHLVVTFIGANATFLPQYFLGLAGMPRRCVDYPEGFAGWNKVSSCGAYLSAISVVIFFYTILDSIINNRRSPKAPWN
A0A097GZU6,MCRNRRICAQVIILALPQPALVALFYPIRACWLKAINALCLKRSDVALTLFLALSLRAERLDWYFRMSAGHDFERALTRARARQRNRKRSLFGFSVSVKELLLLKDRFAEASSMMLSGFVSAHESEALTRLKRAGASALCRANADEFGIGSDGSACARGYIVNAWARTACSLVQEVVTAGGSSGGCATAVALRVSTVALATDTGGSVRQPASYVGVIGLKPSYGRCSRWGVLAYASGLDQVGVLARNASDCARVCAAVFGKDLKDWTSVDLPVPKFEFYVSNSRFGLTRRSISAIVLKQQTPCFKRAWTYCLSTLARIGFELTDANVPFADMVVPCYSVLTSVECCSNFARYNGIRFGLRLREVSAFLLYKKLRTVAFSAEVKRKLFTCAYVLSTRLGYEQYYLKAQRIRFVIKNCLITRLCDRNVLASLSVPASRLSVNNKLQPNVLTDVYTVLASLTGLPSVSVPTCFSEVGLPFGIQLIASAYKELELIVASAMIARVNGVPSVCR
A0A097GZU5,MYWVYTSLIYTDAPPHVGHLYELSVANALCECIKNWHSVKLAAGADDHGAKIQNLSKNKNINPTKVSNLNSNKILAMCSKYKINVKDWISTSYPRHTKLVASKIKQINAANAISKLDYCGWYSPQLDCYRGSDHVQFSKNLLYCANNAPVEWTEERGAFINFSRAKPKLLAIHRASLVAIPYINVNSAFRIINSTEDVCITRDKTTSYGIKLITQNLKLVLWVWIDAILAYINANRRNKVHIIGKDITKFHLTHYVALSLLLSTKLPKAILQHVYINTLKTKVSKSLKNQPSGASFRTCALYYYLCTRSFRNDIELNESGLAAAFAKLTNNMGNLAKRIIKLRTLNRLKLRQLTISEWIIVLYVKRLTTTLGHLVKSFKLNETNSTILDGTAKINSAISNYKLWHNARAGHKLFVYAFAAKRHIHWLKFAIGGNAESMILNINSANTKYVPFPKLA
A0A097GZU2,MKTANINRSFISLSALVRLGAHRGHKAALLKTAMRPYVLGNWHGLNVVSVDKTLTALKTGFDIAFEAICANTNVLLVCNGLSYARGVACALADIEQHCVVKEFGGMVTNWFTFKSIRPRLERYRKVIDAVKDKRLAAYYNRRTERACRAFVSYPELGCLPGAVVVFCSSNVDRVILEANKTKVPVIGLADSFSEVAGADCVVPMCEGSNKVSEFMCELFASVCSRAVLVSRRTRLFGLAMCSSCTRIGDYNASQALSAVCCQFKSEYLAPSNVKLVSTLLRVANVLNVKLTFFMLLSLIVYAPVTLNTPLRTVINLCKLRLLTKTLSAAVAVRLRLFIKWLECMHCLVSARSKPASDAIALKYGKFSSPDINVKDHLPQPTDIEDSHRDYYKIRYFDVNVVGTFDYFFDLTKLSGKWFI
A0A097GZS6,MFFVNAVRLPVVTTLMLSILEEEYSDCLTSFKLVDRRLIKLCCDFEQNEHTGDCSVCEHETCDKQSWEYLLECEYSAGAITSCFQFRVCECRRCLLCWALVKLLVHNLKDNVNWQIRMASLLLKANVDYKFAQLIRVLIAILKRKWLFTALDCKCAVRPLALLRWALVCESEIRRYKRSVVSDSRWLAAWIFKTCFQYSLNKSSIVRAGQLGLLISVNRFDFHSGFKFSTYARWWVRHRMLDMSALSATAQTFRTNVLKVRSVGVGQNISNTISIVKAERYRMVSLDQALGGNCDLHAVTAYDNTTVNAKCYDGTARAFKFLRRLALLSSREERVLRLRGHSLTDFKRSLAKIGCELGLCKERIRQIELTASARVRTLDEAVARKLLGLQR
A0A097GZV1,MLTLAMPCDKKSVFLYIKLYCMCKLIVGCSGVRFKPFCGKACVWKSDFYAVLFWVKRNVVGLAALVIAASVWYKSVGQSLQRCKASFYSVFGLPYGAKLINRMGLFNWDCEYKLIASEGLCKLDELRACDTAWFCFVRNRVFKMCCHDFIKSTEFEFVELSKFTAFRRLKRVFPKFGLRCAANHTKCVTRAAVSGELLGGTTLWDLGSGSGGLSLCWCSRGGFCAICFEQSVFSVKACVYNTRLMSRALKIKTQLVELDYKTGLFGVCLPDRVFFGCGLKRFRDWRLVFVHLKFGGRALLISVSNSGCVRINLLNSECVSKSYLLVVRKLKLRLNARLYSLCSSVFVCVLRKHGVNIW
A0A097GZT0,MFVRVRIIRKRSPRLYNHETKLNKNEYNRNICRRRREFGVLQAGGNSSGLRLHCSIGTGTVSVYIASPRNWQINLQKSASPVMAHTARLARLTNILLIPTAVIFPIIIITLCIKYNENVLTKHKRVNTSVLLEGLWATIPAAILVCICSPSLKLLKRQLIQKKAPYATIKVVAFQWYWNYEYSFKQNKFKYDSNIIRDDQRQSLRKTNLKSYPRLLTVDYELIIPATQVIRLLITSADVVHAFAVPSLGVKTDAIPGKINETWLKATRTGIYYGQCSEFCGKDHSYMPIAIRVTDEISFKNWTQKANVDLENAFNSLRNEHRDE
A0A097GZU0,MRRFKYGWLVRNAHVNGASLIFCALYAHMFRAMYYRSYIGKRRRVWLVGSAIYVLMMCVSFIGYVLPWGQLSYWAAVVITNFINAIPLIGRWLKLFVLGAHAVRDPLLRRFFVFHCFLPFVLFFLAVFHVALVHNSGQNDVISNRTPAIGSRVNMFPVYVLKDLVLVGLYSLILCALCLAFPNVFSNKLNYEPADFYNTPADIKPEWYFMHYYSVLRVFESKLAGVFVTSLTLLFIVVLPYTHEDLPSDALKDLYKPSVVVLFLSFALLGILGALRLNYWLAVLAKLCVCVCLSFFVWPVIARLTRVLAATLVTWRC
A0A097GZT2,MVNFEKLIIVGAGPAGLTAGIYAARSMLHPLIIAGPVPGGQLISTTEIENFPGFASKMQGYELMEKMRTQAAKLGARIVADSVEEIDTSELPFHMLTASGKVYVANSIIVATGSEPKTLKLPNEGKLRGSGVSTCATCDGFFYKNKNVAIVGGGNTAATDALYLAKIVKSVTVVCRGNKLTCEKVLEEKLLEHKNIKVLYNSIVVKYITKHSDNTGLRAIQIASPEAKYSIRVEGVFIAIGTTPCSSAFASLEKDPQGYIITKPNSTKTNIIGIFAAGDVNSACYKQAVIAAGSGCIAALELEQFLCT
A0A097GZS5,MSIQEPNQVLNIKLGNLVVRPAEADKLNGGIIKSASVIKYSQGWAKAVRSGNVVIGTIDLVAACTWVESVEFEFCAKTNNVIVRLLADKTKTHWTNVSYFTKGSELEDYIQQARELNEVVLHKVLYFEDASVREAKITNYELFRILSSRSFCIKLEDENVIIIEFETHEISKLLKERSRRTPNAKIEQLDLQQNLEYNLRHKAKQHMQNPSLNRSLAEQFEELKQKLVNEINLPRLIAANAPKWKNYYINTANVERSP
A0A097GZV2,MRLLRLFFIGHGSANVSSVSEFVYVVDLFRLCHLWIDVRCWVLEFSKLTLVSCFGMSVKICIIAPVMLFNSKHVKYDLCTVAGFLQNLNKFGVVLLAVGLCSVLLTTKLIARLVSALIASDSTLDGNWINSVAFMVFRGGSELGVNALAHSLTRVVWEGSGCLWCEACYFGLTFPLVNVVKLLALPTRGVVFLPMLLFFGELYSSLSKCKSVAGYIFSSVAAVNVLFKQLERVLFEFSLGECNLCKYRLTV
A0A097GZT8,MRLSFVFCVACYCEVNASAGGDSGNVALLAKRGLGLNAASARRGFEVYWQVCSRCHSLELFKLGDLKHLGYSKAQILYLANGGHISKRLELPYSSKAQAKAFNNGIVPPDLSLVVKRKNAEHIKNVLFGYASVYANTTARNYYYNYSFDSGVTLMPPTLVDGVVKYASKARANLVQYVLDVSEFLTWVSEPWTNFRGWLMLPAISIFSLICGLIYSTLRRFDLELV
A0A097GZV3,MLTPTLNVNNVELFYSFTCAIVAIGVGIMSWPVASQFLPNAFVSVNPKMEVDLRAVCCGQCVTINWFGTPVFIRNRLAREVRAARAVCLRKLKDKYARNANINSNALAFDRNRCLDVRSENWLVVIAPCTHLGCMPSVTKCGWVCACHGSSYDLSGRVTNGPAATNLSVPKCVYAVSALVLGT
A0A097GZT7,MIACSNPPGQHGAKIKTKTSDFCVRMIAKQKLKFYYSNLTESKLRKLYKNALRYGGNASHNLVRLLESRLDVLVYRVGLATSLFAARQFVSHGHVLVNNVKVTICSYMCKSGDVFRVAPKAISSLAVKTSVLNSCFRAPCYIQSDYKHLIFNLIKTPSVNDIEYPNSMCLDLVMEYYQGLN
A0A097GZT5,MKLKLSEIKSVLLMCLCAISVMTTASYCCAMTYKQFCSKTGYAGTTKRAAGYNSSLNDSKIKVRFVANAAEDLPWLFKPNTTEVYVYPGEVIKTSYSAKNLASRSSAGEATYNITPHNMGKHFTKVQCFCFTKISIKPLEEIMLPLVFYIDSKVNTDESANRVKAITLTYTLAPTF
A0A097GZU9,MPLTATVAVSGVMLLLSYVWAYWHYYYASKSKLHNVLYNLTGGEWPPQRAKPTGKLAATFYKTAITLLMNSMLNNNRNKNLKPQMALTLLLLLTQIIELLSNKPLKRMALIYYTCANSVLVLLVLFTTIGLIINLFQVALNSKSIQSEYIDALHYWYWKSFVVAWNIINGLMFK
A0A097GZV6,MNCTQIQNIQQHNFGQNRNINLICLDIGKTVGIAQKPTRGRLASDLNLSLNKAMSHVTSGVRAGACTLLVVGHPVTLTGKRSARTLIVENVVKIMRQRLKVPVVLWDERLTTKWAHKRHHCDAAALILQRFFHAIISDRGALPNNALVRTWNQSLLHYEERETPTTAASAH
A0A2I6ED37,GALIKQCSDELDAVADSKFKLNKADTNVIEVIKLKLLIRRSVQAGDKISGRHGNKGVISRVVLAADMPYMADGTPIDVVLNPLSVPSRMNLGQVLETHLGLISYKWGLEFKHILKLHDQLNGNDSVIELARLKLSELYPDSDFSCCDAASVMESVRETCEGARFAC
A0A2I6ED46,GALINQCSNELDTVVDSKFKLNKADTNVIEVIKLKLLIRKSIQAGDKISGRHGNKGVISRVVLAADMPYMADGTPIDVILNPLSVPSRMNLGQVLETHLGLISYRWGLEFKHILKLHDQLNGDNTIVELARLKLSELYPDSDFSRCDAVSIMETVRETCEGARFAC
A0A2I6ED49,GALIKQCSNELDTAADAKLKLSKADTNVIEVIKLKLLIRRSIQAGDKISGRHGNKGVISRVVLAADMPYMADGTPIDVVLNPLSVPSRMNLGQVLETHLGLISYKWGLEFKHILKLHNQLNGNDSVVELARLKLSELYPDSDFSCCDAVSIMEMVRETCEGARFAC
A0A2I6ED50,GALIKQCSNELDAAADAKLKLSKADTNVIEVIKLKLLIRRSIQAGDKISGRHGNKGVISRVVPAADMPYMADGTPIDVVLNPLSVPSRMNLGQVLETHLGLISYKWGLEFKHILKLHNQLNGNDSVVELARLKLNELYPDSDFSCCDAASVMEMVRETCEGARFAC
A0A2I6ED51,GSLIKQCSNELDTAVGSKFKPNKADTNVIEVIKLKLLVRKSIQAGDKISGRHGNKGVISRVVLAADMPYMADGTPMDMVLNPLSVPSRMNLGQVLETHLGLISYKWGLEFKHILKLHDQLNGNDSVVELARLKLSELYPDSDFSCCDAVSIMETVRETCEGARFAC
A0A2I6ED52,GALIAQCANELDTVAGSKFKLNKTDTNVIEVIKLKLLIRRSIQAGDKISGRHGNKGVISRVVLAADMPYMADGTPIDVVLNPLSVPSRMNLGQVLETHLGLISYKWGLEFKHILKLHNQLNGNDSVIELARLKLSELYPDSDFSCCDAVSVMEAVRETCEGARFAC
A0A2I6ED53,GALIKQCSNELDAPVAAKLKLSKADANVIEVIKLKLLIRKSIQAGDKISGRHGNKGVISRVVLAADMPYMADGTPIDVVLNPLSVPSRMNLGQVLETHLGLISYRWGLEFKHILKLHNQLNGNDSVIELARLKLSELYPDSDFSCCDAVSIMEVVRETCEGARFAC
A0A2I6ED54,GALIKQCSNELDTAAAAKLKLSKADTNVIEVIKLKLLVRKSIQAGDKISGRHGNKGVISRVVLAADMPYMADGTPIDVVLNPLSVPSRMNLGQVLETHLGLISYKWGLEFKHILKLHNQLNGNDSVVELARLKLSELYPDSDFSCCDAVSVMEMVRETCEGARFAC
A0A2I6ED55,GSLIKQCSNELDAAVDSKFKPNKADTNVIEVIKLKLLVRKSIQAGDKISGRHGNKGVVSRVVLAADMPYMADGTPIDMVLNPLSVPSRMNLGQVLETHLGLISYKWGLEFKHILKLHDQLNGNDSVVELARLKLSELYPDSDFSCCDAVSVMETVRETCEGARFAC
A0A2I6ED57,GALIKQCSNELDAAADSKFKLNKADANVIEVIKLKLLVRRSIQAGDKISGRHGNKGVISRVVLAADMPYMADGTPVDVVLNPLSVPSRMNLGQVLETHLGLISYKWGLEFKHVLKLHDQLNGNDSVIELARLKLSELYPDSDFGRCDAVSIMEAVRETCEGARFAC
A0A2I6ED59,GALIKQCSNELDTVVASKFKLNKADTNVIEVIKLKLLVRRSIQAGDKISGRHGNKGVISRVVLAADMPYMADGTPIDVVLNPLSVPSRMNLGQVLETHLGLISYKWGLEFKHILKLHDQLNGNDGIVELARLKLSELYPDSDFSCCDAVSVMETVRETCEGARFAC
A0A2I6ED60,GELIKQCSNELDVSASAKLKLSKTDANVIEVIKLKLLIRKSIQAGDKISGRHGNKGVISRVVLAADMPYMADGTPIDVVLNPLSVPSRMNLGQVLETHLGLISYKWGLEFKHILKLHNQLNGNDSVIELARLKLSELYPDCDFSCCDAVSVMEMVRETCEGARFAC
A0A2I6ED62,GELIKQCSSEFDVSASAKLKLSKTDSNVIEVIKLKLLIRKSIQAGDKISGRHGNKGVISRVVLAADMPYMADGTPIDVVLNPLSVPSRMNLGQVLETHLGLISYKWGLEFKHILKLHDQLNGNDGVIELARLKLSELYPDCDFSCCDAVSIMEMVRETCEGARFAC
A0A2I6ED63,SALIKQCSNELDAAAGAKLKLNKADTNVIEVIKLKLLVRKSIQAGDKISGRHGNKGVISRVVLAADMPYMADGTPIDVVINPLSVPSRMNLGQVLETHLGLISYKWGLEFKHILKLHNQLNGNDSVTELARLKLSELYPDCDFSCCDAVSVMEMARETCEGARFAC
A0A2I6ED64,GSLIKQCSNELDTAVGSKFKPNKADTNVIEVIKLKLLVRKSIQAGDKISGRHGNKGVISRVVLAADMPYMADGTPMDMVLNPLSVPSRMNLGQVLETHLGLISYKWGLEFKHILKLHDQLNGNDSVVELARLKLSELYPDSDFSCCDAISIMETVRETCEGARFAC
A0A2I6ED65,GALINQCSNELDAVADSKFKLNKADTNVIEVIKFQLLVRRSIQAGDKISGRHGNKGVVSRVVLAADMPYMADGTPIDVVLNPLSVPSRMNLGQVLETHLGLISYKWGLEFKHILKLHDQLNGNASVIELARLKLNELYPDSDFSCCDAVSVMEAVRETCEGARFAC
A0A2I6ED66,GALVKQCSDELDPVVDSKFKLNKADTNVIEVIKLKLLIRRSVQAGDKISGRHGNKGVISRVVLAADMPYMADGTPIDVVLNPLSVPSRMNLGQVLETHLGLISYKWGLEFKHILKLHDQLNGNDSVIELARLKLSELYPDSDFSCCDAVSVMESVRETCEGARFAC
A0A2I6ED67,GALVKQCSDELDPVVDSKFKLNKADTNVIEVIKLKLLIRRSVQAGDKISGRHGNKGVISRVVLAADMPYMADGTPIDVVLNPLSVPSRMNLGQVLETHLGLISYKWGLEFKHILKLHDQLNGNDSVVELARLKLSELYPDSDFSCCDAVSVMESVRETCEGARFAC
A0A2I6ED68,GALIKQCSNELDAVADSKFKPNKADANVIEVIKLKLLIRRSVQAGDKISGRHGNKGVISRVVLAADMPYMADGTPIDVVLNPLSVPSRMNLGQVLETHLGLISYKWGLEFKHVLKLHDQLNGNDSVIELARLKLSELYPDSDFGCCDAVSVMEAVRETCEGARFAC
A0A2I6ED70,GALIKQCSGKLDIVADTKFKLNKADTNVIEVIKLKLLVRKSIQAGDKISGRHGNKGVISRVVLAADMPYMADGTPIDVVLNPLSVPSRMNLGQVLETHLGLISYKWGLEFKHILKLHDQLNSNDSVIELARLKLSELYPDSDFSCCDAVSIMEIVRETCEGARFAC
A0A2I6ED71,GALIEQCSNKLDAVADTKFKLNKADTNVIEVIKLKLLVRRSIQAGDKISGRHGNKGVISRVVLAADMPYMADGTPIDVVLNPLSVPSRMNLGQVLETHLGLISYKWGLEFKHILKLHDQLNGNDSVIELARLKLSELYPDSDFSCCDAVSIMEMVRETCEGARFAC
A0A2I6ED72,GSLINQCSNELDAVVSSKFKLNKADTNVIEVIKLKLLIRKSIQAGDKISGRHGNKGVISRVVLTADMPYMADGTPIDVILNPLSVPSRMNLGQVLETHLGLISYRWGLEFKHILKLHDQLNGNNDVVELARLKLSELYPDSDFSCCDAVSVMETVRETCEGARFAC
A0A2I6ED73,GSLIKQCSNELDTVVDSKFKPNKADTNVIEVIKLKLLVRKSIQAGDKISGRHGNKGVISRVVLAADMPYMADGTPIDMVLNPLSVPSRMNLGQVLETHLGLISFKWGLEFKHILKLHDQLNGNDSVVELARLKLSELYPDSDFSCCDAVSVMETVRETCEGARFAC
A0A2I6ED74,GALIKQCSNELDAVMDSKFKLNKADTNVIEVIKLKLLIRRSIQAGDKISGRHGNKGVISRVVLAADMPYMADGTPIDVVLNPLSVPSRMNLGQVLETHLGLISYKWGLEFKHILKLHDQLNGNDSIIELARLKLNELYPDSDFSCCDAVSVMETVRETCEGARFAC
A0A2I6ED75,GALIEQCSNKLDAVAGTKFKLNKADTNVIEVIKLKLFVRRSIQAGDKISGRHGNKGVISRVVLAADMPYMADGTPIDVVLNPLSVPSRMNLGQVLETHLGLISYKWGLEFKHILKLHDQLNGNDSVIELARLKLSELYPDSDFSCCDAVSIMEMVRETCEGARFAC
A0A2I6ED76,GALIKQCSNELDTAADAKLKLSKTDTNVIEVIKLKLLVRRSIQAGDKISGRHGNKGVISRVVLAADMPYMADGTPIDVVLNPLSVPSRMNLGQVLETHLGLISYRWGLEFKHILKLHNQLNGNDSVIELARLKLSELYPDSDFSCCDAVSVMEMVRETCEGARFAC
A0A2I6ED77,GALIERCSANLGTVADTKFKPNKADTNVIEVIKLKLLVRRSIQAGDKISGRHGNKGVISRVVLAADMPYMADGTPIDVVLNPLSVPSRMNLGQVLETHLGLISYKWGLEFKHILKLHDQLNGNDSVIELARLKLSELYPDSDFSCCDAVSIMETVRETCEGARFAC
A0A2I6ED78,GELIKQCSNELDVEASAKLKLSKTDANVIEVIKLKLLIRKSIQAGDKISGRHGNKGVISRVVLAADMPYMADGTPIDVVLNPLSVPSRMNLGQVLETHLGLISYKWGLEFKHILRLHNQLNGNDSVIELARLKLSELYPDCDFSCCDAVSIMEIVRETCEGARFAC
A0A2I6ED80,GALIKQCSGKLDIVAGTKFKLNKADTNVIEVIKLKLFVRRSIQAGDKISGRHGNKGVISRVVLAADMPYMADGTPIDVVLNPLSVPSRMNLGQVLETHLGLISYKWGLEFKHILKLHDQLNSNDSVIELARLKLSELYPDSDFSCCDAVSIMEMVRETCEGARFAC
A0A2I6ED81,GALIKQCSNELDTAADAKLKLNKADTNVIEVIKLKLLIRKSIQAGDKISGRHGNKGVISRVVLTADMPYMEDGTPIDVVLNPLSVPSRMNLGQVLETHLGLISYKWGLEFKHILKLHNQLNGNDSVIELARLKLSELYPDSDFSCCDAVSVMEMVRETCEGARFAC
A0A2I6ED82,GALIEQCSNKLDAVADTKFKLNKADTNVIEVIKLKLFVRRSIQAGDKISGRHGNKGVISRVVLAADMPYMADGTPIDVVLNPLSVPSRMNLGQVLETHLGLISYKWGLEFKHILKLHDQLNGNDSVIELARLKLSELYPDSDFSCCDAVSIMEMVRETCEGARFAC
A0A2I6ED83,GALIKQCSDELDAPAAAKLKLSKADANVIEVIKLKLLIRKSIQAGDKISGRHGNKGVISRVVLAADMPYMADGTPIDVVLNPLSVPSRMNLGQVLETHLGLISYRWGLEFKHILKLHNQLNGNDGVIELARLKLSELYPDSDFSCCDAVSIMEMVRETCEGARFAC
A0A2I6ED84,GALIKQCSNELDIVMNSKFKLNKADTNVIEVIKLKLLIRRSIQAGDKISGRHGNKGVISRVVLAADMPYMADGTPIDVVLNPLSVPSRMNLGQVLETHLGLISYKWGLEFKHILKLHDQLNGNDGIVELARLKLSELYPDSDFSCCDAVSIMETVRETCEGARFAC
A0A2I6ED85,GSLIKQCSNELDAVVGSKFKPDKADTNVIEVIKLKLLIRKSIQAGDKISGRHGNKGVISRVVLAADMPYMADGTPIDIVLNPLSVPSRMNLGQVLETHLGLISYKWGLEFKHILKLHDQLNGNDSIVELARLKLSELYPDSDFSCCDSVSIMETVRETCEGARFAC
A0A2I6ED86,GALIERCSAKLDTVAGTKFKLNKADTNVIEVIKLKLLVRRSIQAGDKISGRHGNKGVISRVVLAADMPYMADGTPIDVVLNPLSVPSRMNLGQVLETHLGLISYKWGLEFKHILKLHDQLNGNDSVIELARLKLSELYPDSDFSCCDAVSIMETVRETCEGARFAC
A0A2I6ED89,GELIKQCSNELDVAASAKLKLSKTDANVIEVIKLKLLVRKSIQAGDKISGRHGNKGVISRVVLAADMPYMADGTPIDVVLNPLSVPSRMNLGQVLEAHLGLISYKWGLEFKHILKLHSQLNGNDSVIELARLKLSELYPDCDFSCCDAVSIMEMVRETCEGARFAC
A0A2I6ED91,GALINQCSDGLDAVVDSKFKPNKADTNVIEVIKLKLLIRRSIQAGDKISGRHGNKGVISRVVLAADMPYMADGTPIDVVLNPLSVPSRMNLGQVLETHLGLISYKWGLEFKHILKLHDQLNGNDSVIELARLKLSELYPDSDFGCCDAVSVMEAVRETCEGARFAC
A0A2I6ED92,GSLIKQCSNELDTAVDSKFKPNKADTNVIEVIKLKLLVRKSIQAGDKISGRHGNKGVISRVVLAADMPYMADGTPMDMVLNPLSVPSRMNLGQVLETHLGLISYKWGLEFKHILKLYDQLNGNDSVVELARLKLSELYPDSDFSCCDAVSIMETVRETCEGARFAC
A0A2I6ED93,GALIEQCSNKLDAVADTKFKLNKADTNVIEVIKLKLLIRRSIQAGDKISGRHGNKGVISRVVLAADMPYMADGTPIDVVLNPLSVPSRMNLGQVLETHLGLISYKWGLEFKHILKLHDQLNGNDSVIELARLKLSELYPDSDFSCCDAVSIMEMVRETCEGARFAC
A0A2I6ED94,GALIKQCSDELDAVAGSEFKPNKADTNVIEVVKLKLLVRRSVQAGDKISGRHGNKGVISRVVLAADMPYMADGTPIDVVLNPLSVPSRMNLGQVLETHLGLISYKWGLEFKHILKLYNQLNGDDSVVELARLKLSELYPDSDFSCCDAVSVMEAVRETCEGARFAC
A0A2I6ED96,GALIKQCSDELDAVAGSKFKLNKADTNVIEVIKLKLLIRRSVQAGDKISGRHGNKGVISRVVLAADMPYMADGTPIDVVLNPLSVPSRMNLGQVLETHLGLISYKWGLEFKHILRLHDQLNGNDSVIELARLKLSELYPDSDFSCCDAASVMEAVRETCEGARFAC
A0A2I6ED98,GALLKQCSNELDAAVGSKFKLNKADTNVIEVIKLKLLVRRSIQAGDKISGRHGNKGVISRVVLAADMPYMADGTPIDLVLNPLSVPSRMNLGQVLETHLGLISYKWGLEFKHILKLHDQLNGSDSVVELARLKLSELYPDSDFSCCDAVSIMEVVRETCEGARFAC
A0A2I6ED99,GALINQCSNEHDTAADSKFKLNKADTNVIEVIKLKLLIRKSIQAGDKISGRHGNKGVISRVVLAADMPYMADGTPIDVILNPLSVPSRMNLGQVLETHLGLISYRWGLEFKHILKLHDQLNGSSSIVELARLKLSELYPDSDFSRCDAASIMETVRETCEGARFAC
A0A2I6EDA0,GSLIKQCSNGLDTVVDSKFKPNKADANVIEAIKLKLLVRKSIQAGDKISGRHGNKGVISRVVLAADMPYMADGTPIDIILNPLSVPSRMNLGQVLETHLGLISYKWGLEFKHILRLHDQLNGNDSVVELARLKLSELYPDSDFSCCDAVSVMETVRETCEGARFAC
A0A2I6EDA1,GALIKQCSDELDTVAASKFKLNKADANVIEVIKLKLLVRRSIQAGDKISGRHGNKGVISRVVLAADMPYMADGTPIDVILNPLSVPSRMNLGQVLETHLGLISYKWGLEFKHVLKLHDQLNGNDSVIELARLKLSELYPDSDFSCCDAVSIMEAVRETCEGARFAC
A0A2I6EDA2,GALIKQCSNELDSAADAKLKPNKADTNVIEVIKLKLLIRKSIQAGDKISGRHGNKGVISRVVLAADMPYMEDGTPIDVVLNPLSVPSRMNLGQVLETHLGLISYKWGLEFKHILKLHNQLNGNDSVIELARLKLSELYPDSDFSCCDAVSVMEMVRETCEGARFAC
A0A2I6EDA3,GALIKQCSDELDTVADSKFKLNKADTNVIEVVKLKLLVRRSVQAGDKISGRHGNKGVISRVVLAADMPYMADGTPIDVVLNPLSVPSRMNLGQVLETHLGLISYKWGLEFKHILKLHDQLNGNDSVIELARLKLSELYPDSDFRRCDAVSVMEAVRETCEGARFAC
A0A2I6EDA4,GALIKQCFNEFDAVVDSRFKLNKADINVIEVVKLKLLVRRSIQAGDKISGRHGNKGVISRVVLAADMPYMADGTPIDVVLNPLSVPSRMNLGQVLETHLGLLSYKWGLEFKRILKLHNQLNGNDSVVELARLKLSELYPDSDFSCCDAVSIMEVVRETCEGARFAC
A0A2I6EDA5,GALIKQYSNELDSAADVKLKLSKADTNVIEVIKLKLLIRKSIQAGDKISGRHGNKGVISRVVLAADMPYMADGTPIDVVLNPLSVPSRMNLGQVLETHLGLISYKWGLEFKHILKLHNQLNGNDSVTELARLKLSELYPDSDFSCCDAASVMEMVRETCEGARFAC
A0A2I6EDA6,GALIKQYSNEPDSAADVKLKLSKADTNVIEVIKLKLLIRKSIQAGDKISGRHGNKGVISRVVLAADMPYMADGTPIDVVLNPLSVPSRMNLGQVLEAHLGLISYKWGLEFKHILKLHNQLNGNDSVTELARLKLSELYPDSDFSCCDAASVMEMVRETCEGARFAC
A0A2I6EDA7,GALIAQCSNGLGAVADSKFKLNKADAGVIEVVKLKLFVRRSIQAGDKISGRHGNKGVISRVVPAADMPYMADGTPMDVVLNPLSVPSRMNLGQVLETHLGLIGYKWGLEFKRVLKLYNQLNGSDSVVELARLKLSELYPDSDFSCCDAVSIMEIVRETCGGARFAC
A0A2I6EDA8,GALIKQCSNELDTAADVKLKLSKADTNVIEVIKLKLLIRRSIQAGDKISGRHGNKGVISRVVLAADMPYMADGTPIDVVLNPLSVPSRMNLGQVLETHLGLISYKWGLEFKHILKLHNQLNGNDSVIELARLKLSELYPDSDFSCCDAVSVMEMVRETCEGARFAC
A0A2I6EDB1,GALIKQCSNELDAAAGASFKLNKADTNVIEVVKLKLLVRRSIQAGDKISGRHGNKGVISRVVLAADMPYMADGTPIDVVLNPLSVPSRMNLGQVLEAHLGLISYKWGLEFKHILKLHDQLNGNDSVTELARLKLSELYPDCDFSCCDAVSVMEMVRETCEGARFAC
A0A2I6EDB2,GAFIKQCSNEFGVVADSKFKLNKADTDVIEVIKLKLLIRRSIQAGDKISGRHGNKGVISRVVLTADMPYMADGTPIDLILNPLSVPSRMNLGQVLETHLGLISYKWGLEFKRILKLHDQLNGGDGIIELARLKLSELYPDSDFSCCDAVSIMEIVRETCEGARFAC
A0A2I6EDB3,GALIAQCSDELSAAADSKFKLNKADTDVIEVVKLKLLIRRSIQAGDKVSGRHGNKGVISRVVLAADMPYMADGTPIDLVLNPLSVPSRMNLGQVLETHLGLISYKWGLEFKHILKLHDQLNGSDSVIELARLKLSELYPDSDFSCCDAVSIMEIVRETCEGARFAC
A0A2I6EDB4,GALIKQCSNELDTAAAAKLKLSKADTNVIEVIKLKLLIRKSIQAGDKISGRHGNKGVISRVVLAADMPYMADGTPIDVVLNPLSVPSRMNLGQVLEAHLGLISYKWGLEFKHILRLHNQLNGNDSVIELARLKLSELYPDSDFSCCDAVSVMEMVRETCEGARFAC
A0A2I6ED39,GALIKQCSNELDAMDSKFKLSKADTNVIEVIKLQLLIRRSIQAGDKISGRHGNKGVVSRVVLAADMPYMADGTPIDVVLNPLSVPSRMNLGQVLETHLGLISYKWGLEFKHILKLHDQLNGNDSVIELARLKLSELYPDSDFGRCDAVSVMEAVRETCEGARFAC
A0A2I6ED56,GALIKQCSDELDAVDSKFKLNKADTNVIEVIKLKLLIRRSIQAGDKISGRHGNKGVISRVVLAADMPYMADGTPIDVVLNPLSVPSRMNLGQVLETHLGLISYKWGLEFKHILKLHNQLNGNDSVIELARFKLSELYPDSDFSCCDAVSVMEAVRETCEGARFAC
A0A2I6ED88,GALIKQCSDALDTVDSKFKLNKADTNVIEVIKLKLLVRRSIQAGDKISGRHGNKGVISRVVLAADMPYMADGTPIDVVLNPLSVPSRMNLGQVLEAHLGLISYKWGLEFKHILKLHDQLNGNDSVIELARLKLSELYPDSDFSCCDAVSVMEAVRETCEGARFAC
A0A2I6ED95,GALIKQCSNELDTVDSKFKLNKADTNVIEVIKLQLLVRRSIQAGDKISGRHGNKGVVSRVVLAADMPYMADGTPIDVVLNPLSVPSRMNLGQVLETHLGLISYKWGLEFKHILKLHDQLNGNDSVIELARLKLSELYPDSDFSRCDAVSVMEAVRETCEGARFAC
A0A2I6ED58,GALIKQCSNELEADSKFKLNKADANVIEVIKLKLLIRRSIQAGDKISGRHGNKGVISRVVLAADMPYMADGTPIDVVLNPLSVPSRMNLGQVLETHLGLISYKWGLEFKHVLKLHDQLNGNDSVIELARLKLSELYPDSDFSCCDAVSIMEAVRETCEGARFAC
A0A2I6ED61,GALIEQCSDGLELDSKFKLNKADTNVIEVIKLKLLIRRSIQAGDKISGRHGNKGVISRVVLAADMPYMADGTPIDVVLNPLSVPSRMNLGQVLETHLGLISYKWGLEFKHILKLHYQLNGNDSVIELARLKLSELYPDSDFSCCDAVSVMEAVRETCEGARFAC
A0A2I6ED69,GALIKQCSDALEVDSKFKLNKADANVIEVIKLKLLVRRSIQAGDKISGRHGNKGVISRVVLAADMPYMADGTPMDVVLNPLSVPSRMNLGQVLETHLGLISYKWGLEFKHILKLHDQLNGNDSVIELARLKLSELYPDSDFSCCDAVSVMEAVRETCEGARFAC
A0A2I6ED87,GALIKQCSNELDAGAEFKLNKADTNVVEVIKLKLLVCRSIQAGDKISGRHGNKGVISRVVLAADMPYMADGTPIDVVLNPLSVPSRMNLGQVLETHLGLISYKWGLEFKHILKLHNQLNGNDSVTELARLKLSELYPDCDFSCCDAVSVMEMVRETCEGARFAC
A0A097GZS8,MLVLGGEKSGKSAFARRVAKDYANVLCLVTMAPVNESVYFQHVCSRPIEWDVLEEPVALAICLLSNADAYDLIVLDDIGVWLSNVIALKMNVYYEIDCVLDALCRLKAKLVISKELGLGMLSNSVLALEYVNLLNCVNQLLARTLNSAYFVIAGQAVKIK
A0A097GZW1,MPRDLRSHNYIRKGLCVCLYGRGRFKTSACLGFAARSDFRGVSCVSVSVLKLVWGPKAGSGCCVCRFRKTGGGCECIALASYWCIVSKHYWRPVLVVCVFRRATAGLQTQAQCVYAVFAKTEPANGFCGCKEANLVALRCAIFM
A0A097GZT1,MRVWGGSPPSLCPHTTKRRATALRNTPERMITLPIASVTPQVFGTPHRYLRSKLTQPKRKSVLNSGALKSSPQLLWPRHCAHTNPTTQPNKPPATPVFARSRAQQTNRQLLTRAAKNRNKPPRNKISLCALRTNTCLLTHSR
A0A097GZU7,MRLLWLIAMLFETPTLVAYNVTICSVLCVITLSPNAHAAVAAHANNLLSNTRTVFIKLAWWGACGCGVCPNHSELYDACASPSSEHAEGACCDSGVVLERVIAVVLCRSLSVNRLLQRAERACDR
A0A097GZU3,MCGSQFDSFFPPFFSFFFSFFFLLRACVAWLGLAWLGLAYVILGGLIIIISVIIIISVIISVSSVSSVSIIYIYIYFFFPPPLSFVRSFVRVVLLCAWFVVCARRSEFESSVRAIGTR
A0A097GZT9,MAYVVTDNCIMCKYTDCVEVCPVDCFYEGRNFLAINPNECIDCGVCEPECPAGAIKSGAEPNLEEWVEINSKYSRIWPNITRRRLPLPKADEFNGIQSKYKSYFDARPGEGSK
A0A097GZW6,MENTLPTVVRQLRELRIPEPPLLLEAKWRVSVVAAGDLRSCASAVRDVALIKFGLAIAKEVRSLLPLALKEAKEFVRNAPKPVKCGLGRPEAAALKA
A0A097GZS3,MCACVWVRAGVSPLIIAAGCWGGGLVWVCLCCWLFFVVVVVVFLLLLNNVVIILINYYYYLIY
A0A097GZU4,MGETQFNTNTRCVIGAGLGGKNIAKNKNSISIALADNTPGGSQRHTETQLRKSV
A0A097GZS7,MMRMKLRGSLKFLKSRHSANVVVKRGKKVFIVNKLKPKYKARQR
V6AWA1,ANTTSQASDESKLVPSRAASL
